,vessel_type,mmsi,date_year,date_month,geo_name
0,Cargo,271002143,2020,12,Bosphorus (TR)
1,Cargo,255806048,2020,12,Bosphorus (TR)
2,Cargo,538007975,2020,12,Bosphorus (TR)
3,Cargo,219632000,2020,12,Suez (EG)
4,Cargo,271042493,2020,12,Bosphorus (TR)
5,Cargo,636017672,2020,12,Suez (EG)
6,Cargo,271000766,2020,12,Bosphorus (TR)
7,Cargo,214182623,2020,12,Bosphorus (TR)
8,Tanker,273399050,2020,12,Bosphorus (TR)
9,Cargo,314519000,2020,12,Bosphorus (TR)
10,Tanker,311000516,2020,12,Bosphorus (TR)
11,Tanker,241387000,2020,12,Bosphorus (TR)
12,Cargo,214180509,2020,12,Bosphorus (TR)
13,Cargo,273333560,2020,12,Bosphorus (TR)
14,Cargo,314490000,2020,12,Bosphorus (TR)
15,Tanker,636016505,2020,12,Bosphorus (TR)
16,Cargo,613003593,2020,12,Bosphorus (TR)
17,Tanker,271044013,2020,12,Bosphorus (TR)
18,Cargo,538006791,2020,12,Suez (EG)
19,Cargo,219864000,2020,12,Suez (EG)
20,Tanker,247273400,2020,12,Bosphorus (TR)
21,Cargo,305757000,2020,12,Suez (EG)
22,Cargo,273359260,2020,12,Bosphorus (TR)
23,Cargo,371615000,2020,12,Bosphorus (TR)
24,Tanker,248816000,2020,12,Suez (EG)
25,Cargo,304320000,2020,12,Bosphorus (TR)
26,Cargo,311000657,2020,12,Bosphorus (TR)
27,Tanker,241468000,2020,12,Bosphorus (TR)
28,Cargo,244155000,2020,12,Bosphorus (TR)
29,Cargo,636014410,2020,12,Suez (EG)
30,Cargo,538005599,2020,12,Suez (EG)
31,Cargo,351862000,2020,12,Suez (EG)
32,Tanker,538005351,2020,12,Suez (EG)
33,Cargo,256668000,2020,12,Suez (EG)
34,Cargo,477316000,2020,12,Suez (EG)
35,Cargo,477154700,2020,12,Suez (EG)
36,Cargo,248403000,2020,12,Suez (EG)
37,Tanker,352255000,2020,12,Suez (EG)
38,Cargo,272795000,2020,12,Bosphorus (TR)
39,Tanker,538005221,2020,12,Bosphorus (TR)
40,Cargo,636019225,2020,12,Bosphorus (TR)
41,Cargo,352947000,2020,12,Bosphorus (TR)
42,Cargo,671017100,2020,12,Bosphorus (TR)
43,Cargo,229675000,2020,12,Bosphorus (TR)
44,Tanker,466243000,2020,12,Bosphorus (TR)
45,Tanker,248374000,2020,12,Bosphorus (TR)
46,Cargo,272294000,2020,12,Bosphorus (TR)
47,Cargo,357544000,2020,12,Bosphorus (TR)
48,Cargo,538003379,2020,12,Bosphorus (TR)
49,Cargo,351365000,2020,12,Bosphorus (TR)
50,Tanker,636014423,2020,12,Suez (EG)
51,Tanker,273393460,2020,12,Bosphorus (TR)
52,Cargo,373157000,2020,12,Bosphorus (TR)
53,Cargo,271002259,2020,12,Bosphorus (TR)
54,Cargo,248400000,2020,12,Bosphorus (TR)
55,Cargo,374156000,2020,12,Bosphorus (TR)
56,Cargo,273339300,2020,12,Bosphorus (TR)
57,Tanker,636010457,2020,12,Suez (EG)
58,Cargo,255806157,2020,12,Bosphorus (TR)
59,Tanker,247431600,2020,12,Bosphorus (TR)
60,Cargo,622120320,2020,12,Bosphorus (TR)
61,Tanker,241331000,2020,12,Bosphorus (TR)
62,Cargo,305213000,2020,12,Bosphorus (TR)
63,Cargo,256132000,2020,12,Bosphorus (TR)
64,Cargo,353296000,2020,12,Bosphorus (TR)
65,Tanker,563010700,2020,12,Suez (EG)
66,Tanker,249611000,2020,12,Bosphorus (TR)
67,Cargo,249745000,2020,12,Bosphorus (TR)
68,Cargo,357890000,2020,12,Bosphorus (TR)
69,Tanker,319479000,2020,12,Suez (EG)
70,Cargo,273317430,2020,12,Bosphorus (TR)
71,Cargo,353561000,2020,12,Bosphorus (TR)
72,Cargo,613003616,2020,12,Bosphorus (TR)
73,Cargo,636015690,2020,12,Bosphorus (TR)
74,Cargo,373731000,2020,12,Suez (EG)
75,Cargo,312715000,2020,12,Bosphorus (TR)
76,Tanker,241352000,2020,12,Suez (EG)
77,Cargo,311000715,2020,12,Bosphorus (TR)
78,Cargo,228342900,2020,12,Suez (EG)
79,Cargo,235082896,2020,12,Suez (EG)
80,Cargo,538009143,2020,12,Suez (EG)
81,Cargo,354447000,2020,12,Suez (EG)
82,Tanker,538005386,2020,12,Suez (EG)
83,Cargo,215851000,2020,12,Bosphorus (TR)
84,Cargo,238013000,2020,12,Bosphorus (TR)
85,Cargo,511009000,2020,12,Bosphorus (TR)
86,Cargo,271002119,2020,12,Bosphorus (TR)
87,Tanker,235116958,2020,12,Suez (EG)
88,Cargo,377289000,2020,12,Bosphorus (TR)
89,Cargo,636018852,2020,12,Bosphorus (TR)
90,Cargo,423029100,2020,12,Bosphorus (TR)
91,Cargo,577234000,2020,12,Bosphorus (TR)
92,Tanker,566503000,2020,12,Bosphorus (TR)
93,Cargo,374150000,2020,12,Bosphorus (TR)
94,Tanker,273356390,2020,12,Bosphorus (TR)
95,Cargo,620428000,2020,12,Bosphorus (TR)
96,Cargo,677010700,2020,12,Bosphorus (TR)
97,Cargo,351302000,2020,12,Bosphorus (TR)
98,Tanker,215220000,2020,12,Bosphorus (TR)
99,Cargo,636092737,2020,12,Bosphorus (TR)
100,Tanker,229046000,2020,12,Bosphorus (TR)
101,Cargo,356615000,2020,12,Bosphorus (TR)
102,Cargo,477194100,2020,12,Suez (EG)
103,Tanker,241377000,2020,12,Bosphorus (TR)
104,Cargo,538006767,2020,12,Bosphorus (TR)
105,Tanker,240633000,2020,12,Bosphorus (TR)
106,Tanker,538008331,2020,12,Bosphorus (TR)
107,Cargo,205680000,2020,12,Bosphorus (TR)
108,Cargo,636018260,2020,12,Bosphorus (TR)
109,Cargo,538090399,2020,12,Bosphorus (TR)
110,Cargo,372498000,2020,12,Bosphorus (TR)
111,Cargo,538008134,2020,12,Suez (EG)
112,Tanker,538005072,2020,12,Suez (EG)
113,Tanker,255804290,2020,12,Bosphorus (TR)
114,Cargo,636014709,2020,12,Bosphorus (TR)
115,Tanker,249611000,2020,12,Suez (EG)
116,Cargo,214182719,2020,12,Bosphorus (TR)
117,Cargo,352039000,2020,12,Suez (EG)
118,Cargo,563092300,2020,12,Bosphorus (TR)
119,Cargo,636017686,2020,12,Suez (EG)
120,Cargo,209605000,2020,12,Suez (EG)
121,Tanker,538006974,2020,12,Suez (EG)
122,Cargo,311001012,2020,12,Bosphorus (TR)
123,Cargo,636018662,2020,12,Bosphorus (TR)
124,Cargo,271042325,2020,12,Bosphorus (TR)
125,Cargo,511100212,2020,12,Bosphorus (TR)
126,Cargo,214182766,2020,12,Bosphorus (TR)
127,Cargo,477194800,2020,12,Suez (EG)
128,Cargo,355174000,2020,12,Bosphorus (TR)
129,Cargo,636015815,2020,12,Bosphorus (TR)
130,Cargo,432734000,2020,12,Suez (EG)
131,Tanker,215764000,2020,12,Bosphorus (TR)
132,Cargo,352528000,2020,12,Bosphorus (TR)
133,Cargo,538009053,2020,12,Bosphorus (TR)
134,Cargo,563026700,2020,12,Suez (EG)
135,Cargo,256930000,2020,12,Suez (EG)
136,Cargo,374040000,2020,12,Bosphorus (TR)
137,Cargo,212619000,2020,12,Suez (EG)
138,Tanker,273353340,2020,12,Bosphorus (TR)
139,Cargo,577417000,2020,12,Bosphorus (TR)
140,Tanker,371982000,2020,12,Bosphorus (TR)
141,Cargo,577469000,2020,12,Bosphorus (TR)
142,Cargo,229718000,2020,12,Bosphorus (TR)
143,Cargo,538007989,2020,12,Bosphorus (TR)
144,Cargo,563234000,2020,12,Suez (EG)
145,Cargo,351132000,2020,12,Suez (EG)
146,Cargo,538009029,2020,12,Bosphorus (TR)
147,Tanker,247118700,2020,12,Bosphorus (TR)
148,Cargo,370769000,2020,12,Bosphorus (TR)
149,Cargo,538004241,2020,12,Suez (EG)
150,Cargo,214182318,2020,12,Bosphorus (TR)
151,Cargo,219019365,2020,12,Suez (EG)
152,Cargo,636017918,2020,12,Bosphorus (TR)
153,Tanker,271043580,2020,12,Bosphorus (TR)
154,Cargo,256967000,2020,12,Bosphorus (TR)
155,Cargo,372425000,2020,12,Bosphorus (TR)
156,Cargo,538008588,2020,12,Suez (EG)
157,Cargo,374218000,2020,12,Bosphorus (TR)
158,Cargo,351752000,2020,12,Bosphorus (TR)
159,Cargo,538002734,2020,12,Bosphorus (TR)
160,Cargo,538008241,2020,12,Bosphorus (TR)
161,Cargo,247015300,2020,12,Bosphorus (TR)
162,Cargo,538004220,2020,12,Suez (EG)
163,Cargo,477948800,2020,12,Suez (EG)
164,Cargo,356770000,2020,12,Bosphorus (TR)
165,Tanker,538008581,2020,12,Suez (EG)
166,Cargo,352366000,2020,12,Suez (EG)
167,Cargo,248209000,2020,12,Suez (EG)
168,Cargo,374428000,2020,12,Suez (EG)
169,Cargo,374804000,2020,12,Suez (EG)
170,Cargo,352437000,2020,12,Bosphorus (TR)
171,Cargo,272085000,2020,12,Bosphorus (TR)
172,Tanker,248759000,2020,12,Bosphorus (TR)
173,Cargo,255806248,2020,12,Bosphorus (TR)
174,Cargo,271000874,2020,12,Suez (EG)
175,Tanker,229315000,2020,12,Suez (EG)
176,Tanker,538003910,2020,12,Bosphorus (TR)
177,Cargo,354447000,2020,12,Bosphorus (TR)
178,Tanker,538005642,2020,12,Bosphorus (TR)
179,Cargo,636090799,2020,12,Bosphorus (TR)
180,Cargo,538090533,2020,12,Bosphorus (TR)
181,Cargo,256821000,2020,12,Bosphorus (TR)
182,Cargo,351136000,2020,12,Bosphorus (TR)
183,Tanker,241407000,2020,12,Bosphorus (TR)
184,Cargo,229381000,2020,12,Bosphorus (TR)
185,Cargo,214181418,2020,12,Bosphorus (TR)
186,Cargo,374804000,2020,12,Bosphorus (TR)
187,Cargo,538008152,2020,12,Bosphorus (TR)
188,Cargo,351019000,2020,12,Bosphorus (TR)
189,Cargo,538008639,2020,12,Bosphorus (TR)
190,Cargo,538008022,2020,12,Bosphorus (TR)
191,Cargo,273332220,2020,12,Bosphorus (TR)
192,Cargo,622121423,2020,12,Bosphorus (TR)
193,Cargo,636016706,2020,12,Suez (EG)
194,Cargo,577418000,2020,12,Bosphorus (TR)
195,Cargo,273431210,2020,12,Bosphorus (TR)
196,Cargo,273448710,2020,12,Bosphorus (TR)
197,Cargo,374243000,2020,12,Suez (EG)
198,Tanker,636091701,2020,12,Bosphorus (TR)
199,Cargo,309847000,2020,12,Suez (EG)
200,Cargo,215123000,2020,12,Bosphorus (TR)
201,Cargo,538002322,2020,12,Bosphorus (TR)
202,Tanker,636014500,2020,12,Bosphorus (TR)
203,Cargo,636018502,2020,12,Bosphorus (TR)
204,Cargo,357505000,2020,12,Bosphorus (TR)
205,Cargo,229459000,2020,12,Bosphorus (TR)
206,Cargo,563090800,2020,12,Bosphorus (TR)
207,Cargo,511100315,2020,12,Bosphorus (TR)
208,Cargo,356984000,2020,12,Suez (EG)
209,Cargo,353580000,2020,12,Suez (EG)
210,Cargo,636015743,2020,12,Suez (EG)
211,Cargo,477967800,2020,12,Suez (EG)
212,Cargo,229711000,2020,12,Suez (EG)
213,Cargo,351297000,2020,12,Suez (EG)
214,Cargo,538003900,2020,12,Suez (EG)
215,Tanker,636018883,2020,12,Suez (EG)
216,Cargo,371076000,2020,12,Suez (EG)
217,Cargo,232005179,2020,12,Suez (EG)
218,Tanker,240147000,2020,12,Bosphorus (TR)
219,Cargo,354408000,2020,12,Bosphorus (TR)
220,Cargo,215447000,2020,12,Bosphorus (TR)
221,Tanker,215072000,2020,12,Bosphorus (TR)
222,Cargo,273322500,2020,12,Bosphorus (TR)
223,Tanker,229866000,2020,12,Bosphorus (TR)
224,Tanker,538006545,2020,12,Suez (EG)
225,Cargo,355509000,2020,12,Bosphorus (TR)
226,Cargo,215231000,2020,12,Bosphorus (TR)
227,Tanker,311000451,2020,12,Bosphorus (TR)
228,Cargo,538006208,2020,12,Bosphorus (TR)
229,Cargo,667001656,2020,12,Bosphorus (TR)
230,Cargo,253246000,2020,12,Bosphorus (TR)
231,Cargo,273376000,2020,12,Bosphorus (TR)
232,Cargo,256686000,2020,12,Bosphorus (TR)
233,Cargo,370749000,2020,12,Bosphorus (TR)
234,Cargo,214182689,2020,12,Bosphorus (TR)
235,Cargo,218776000,2020,12,Suez (EG)
236,Tanker,412471000,2020,12,Suez (EG)
237,Tanker,219152000,2020,12,Bosphorus (TR)
238,Cargo,219981000,2020,12,Bosphorus (TR)
239,Cargo,477434600,2020,12,Suez (EG)
240,Cargo,271000642,2020,12,Bosphorus (TR)
241,Tanker,353502000,2020,12,Suez (EG)
242,Cargo,256345000,2020,12,Suez (EG)
243,Cargo,210662000,2020,12,Suez (EG)
244,Cargo,265365000,2020,12,Suez (EG)
245,Cargo,538007166,2020,12,Bosphorus (TR)
246,Cargo,232025072,2020,12,Bosphorus (TR)
247,Cargo,311051200,2020,12,Bosphorus (TR)
248,Cargo,356234000,2020,12,Suez (EG)
249,Cargo,477142300,2020,12,Suez (EG)
250,Cargo,214181709,2020,12,Bosphorus (TR)
251,Tanker,310772000,2020,12,Suez (EG)
252,Tanker,351482000,2020,12,Bosphorus (TR)
253,Tanker,319545000,2020,12,Bosphorus (TR)
254,Tanker,636015150,2020,12,Suez (EG)
255,Cargo,273215370,2020,12,Bosphorus (TR)
256,Cargo,354654000,2020,12,Suez (EG)
257,Tanker,249550000,2020,12,Bosphorus (TR)
258,Cargo,215219000,2020,12,Suez (EG)
259,Cargo,356837000,2020,12,Suez (EG)
260,Cargo,352684000,2020,12,Suez (EG)
261,Cargo,357417000,2020,12,Suez (EG)
262,Cargo,355924000,2020,12,Suez (EG)
263,Cargo,271000744,2020,12,Suez (EG)
264,Cargo,273330700,2020,12,Bosphorus (TR)
265,Cargo,271045819,2020,12,Bosphorus (TR)
266,Tanker,271046791,2020,12,Bosphorus (TR)
267,Cargo,677072800,2020,12,Bosphorus (TR)
268,Cargo,357313000,2020,12,Bosphorus (TR)
269,Cargo,256169000,2020,12,Bosphorus (TR)
270,Tanker,636019327,2020,12,Bosphorus (TR)
271,Cargo,538006429,2020,12,Bosphorus (TR)
272,Cargo,212398000,2020,12,Bosphorus (TR)
273,Cargo,312012000,2020,12,Bosphorus (TR)
274,Cargo,671629000,2020,12,Bosphorus (TR)
275,Cargo,636018832,2020,12,Bosphorus (TR)
276,Cargo,354380000,2020,12,Bosphorus (TR)
277,Cargo,341862000,2020,12,Bosphorus (TR)
278,Cargo,273351280,2020,12,Bosphorus (TR)
279,Cargo,229027000,2020,12,Suez (EG)
280,Tanker,538008426,2020,12,Bosphorus (TR)
281,Tanker,273322210,2020,12,Bosphorus (TR)
282,Cargo,567097000,2020,12,Bosphorus (TR)
283,Cargo,671345000,2020,12,Bosphorus (TR)
284,Tanker,538003431,2020,12,Bosphorus (TR)
285,Cargo,414701000,2020,12,Suez (EG)
286,Cargo,373211000,2020,12,Bosphorus (TR)
287,Cargo,374559000,2020,12,Bosphorus (TR)
288,Tanker,538006217,2020,12,Bosphorus (TR)
289,Cargo,366771000,2020,12,Suez (EG)
290,Cargo,622121425,2020,12,Bosphorus (TR)
291,Cargo,538009144,2020,12,Bosphorus (TR)
292,Tanker,563716000,2020,12,Suez (EG)
293,Tanker,226000000,2020,12,Bosphorus (TR)
294,Tanker,636019845,2020,12,Bosphorus (TR)
295,Cargo,412523920,2020,12,Suez (EG)
296,Cargo,218791000,2020,12,Suez (EG)
297,Cargo,538007990,2020,12,Bosphorus (TR)
298,Tanker,220617000,2020,12,Bosphorus (TR)
299,Cargo,373228000,2020,12,Suez (EG)
300,Cargo,622121414,2020,12,Bosphorus (TR)
301,Cargo,215066000,2020,12,Bosphorus (TR)
302,Tanker,538008327,2020,12,Bosphorus (TR)
303,Cargo,667989000,2020,12,Bosphorus (TR)
304,Cargo,620161000,2020,12,Bosphorus (TR)
305,Cargo,351081000,2020,12,Bosphorus (TR)
306,Tanker,240547000,2020,12,Bosphorus (TR)
307,Cargo,271045741,2020,12,Bosphorus (TR)
308,Tanker,271044357,2020,12,Bosphorus (TR)
309,Cargo,577302000,2020,12,Bosphorus (TR)
310,Cargo,271040008,2020,12,Bosphorus (TR)
311,Cargo,468393000,2020,12,Bosphorus (TR)
312,Cargo,518857000,2020,12,Bosphorus (TR)
313,Cargo,538003960,2020,12,Bosphorus (TR)
314,Cargo,212372000,2020,12,Bosphorus (TR)
315,Cargo,538004675,2020,12,Bosphorus (TR)
316,Cargo,374300000,2020,12,Bosphorus (TR)
317,Cargo,273332380,2020,12,Bosphorus (TR)
318,Tanker,273392110,2020,12,Bosphorus (TR)
319,Tanker,273393370,2020,12,Bosphorus (TR)
320,Cargo,354775000,2020,12,Bosphorus (TR)
321,Cargo,271000261,2020,12,Bosphorus (TR)
322,Cargo,256228000,2020,12,Bosphorus (TR)
323,Cargo,538006968,2020,12,Bosphorus (TR)
324,Cargo,370263000,2020,12,Bosphorus (TR)
325,Cargo,314528000,2020,12,Bosphorus (TR)
326,Cargo,374406000,2020,12,Bosphorus (TR)
327,Cargo,355267000,2020,12,Bosphorus (TR)
328,Cargo,374631000,2020,12,Suez (EG)
329,Cargo,538009016,2020,12,Suez (EG)
330,Cargo,371999000,2020,12,Bosphorus (TR)
331,Cargo,538008170,2020,12,Bosphorus (TR)
332,Cargo,305204000,2020,12,Bosphorus (TR)
333,Tanker,538003859,2020,12,Bosphorus (TR)
334,Cargo,636016655,2020,12,Bosphorus (TR)
335,Cargo,636017782,2020,12,Suez (EG)
336,Cargo,271040405,2020,12,Bosphorus (TR)
337,Cargo,374727000,2020,12,Suez (EG)
338,Tanker,477035300,2020,12,Suez (EG)
339,Cargo,311000384,2020,12,Suez (EG)
340,Tanker,241132000,2020,12,Bosphorus (TR)
341,Cargo,563060400,2020,12,Suez (EG)
342,Cargo,538005368,2020,12,Suez (EG)
343,Cargo,477232800,2020,12,Suez (EG)
344,Cargo,354391000,2020,12,Suez (EG)
345,Cargo,357621000,2020,12,Bosphorus (TR)
346,Tanker,235011530,2020,12,Bosphorus (TR)
347,Cargo,273414870,2020,12,Bosphorus (TR)
348,Cargo,334020000,2020,12,Bosphorus (TR)
349,Cargo,620086000,2020,12,Bosphorus (TR)
350,Cargo,357400000,2020,12,Bosphorus (TR)
351,Cargo,271002642,2020,12,Bosphorus (TR)
352,Tanker,538006074,2020,12,Suez (EG)
353,Cargo,355691000,2020,12,Bosphorus (TR)
354,Cargo,246807000,2020,12,Bosphorus (TR)
355,Cargo,271002075,2020,12,Bosphorus (TR)
356,Cargo,271044362,2020,12,Bosphorus (TR)
357,Cargo,636016604,2020,12,Bosphorus (TR)
358,Cargo,620552000,2020,12,Suez (EG)
359,Cargo,273214080,2020,12,Bosphorus (TR)
360,Cargo,636019304,2020,12,Bosphorus (TR)
361,Cargo,374645000,2020,12,Suez (EG)
362,Cargo,256551000,2020,12,Bosphorus (TR)
363,Cargo,477915400,2020,12,Bosphorus (TR)
364,Cargo,305172000,2020,12,Suez (EG)
365,Cargo,219018765,2020,12,Suez (EG)
366,Cargo,563078300,2020,12,Suez (EG)
367,Cargo,249353000,2020,12,Bosphorus (TR)
368,Cargo,273331900,2020,12,Bosphorus (TR)
369,Cargo,214182625,2020,12,Bosphorus (TR)
370,Cargo,219836000,2020,12,Suez (EG)
371,Cargo,312700000,2020,12,Bosphorus (TR)
372,Tanker,273374820,2020,12,Bosphorus (TR)
373,Cargo,314505000,2020,12,Bosphorus (TR)
374,Cargo,245237000,2020,12,Suez (EG)
375,Cargo,373839000,2020,12,Bosphorus (TR)
376,Cargo,565097000,2020,12,Bosphorus (TR)
377,Tanker,565397000,2020,12,Suez (EG)
378,Cargo,667001300,2020,12,Bosphorus (TR)
379,Cargo,371576000,2020,12,Bosphorus (TR)
380,Tanker,563097900,2020,12,Bosphorus (TR)
381,Cargo,538005845,2020,12,Suez (EG)
382,Cargo,636018700,2020,12,Suez (EG)
383,Tanker,240677000,2020,12,Suez (EG)
384,Tanker,548765000,2020,12,Suez (EG)
385,Tanker,538005203,2020,12,Suez (EG)
386,Tanker,273342890,2020,12,Bosphorus (TR)
387,Cargo,35789000,2020,12,Bosphorus (TR)
388,Cargo,423047100,2020,12,Bosphorus (TR)
389,Cargo,273355040,2020,12,Bosphorus (TR)
390,Cargo,273452690,2020,12,Bosphorus (TR)
391,Tanker,253229000,2020,12,Bosphorus (TR)
392,Cargo,214182739,2020,12,Bosphorus (TR)
393,Cargo,220501000,2020,12,Suez (EG)
394,Cargo,271040669,2020,12,Bosphorus (TR)
395,Cargo,334008000,2020,12,Bosphorus (TR)
396,Tanker,215462000,2020,12,Bosphorus (TR)
397,Cargo,620743000,2020,12,Bosphorus (TR)
398,Tanker,353161000,2020,12,Bosphorus (TR)
399,Cargo,636016307,2020,12,Suez (EG)
400,Cargo,620360000,2020,12,Bosphorus (TR)
401,Cargo,207138000,2020,12,Bosphorus (TR)
402,Cargo,273343200,2020,12,Bosphorus (TR)
403,Cargo,352608000,2020,12,Bosphorus (TR)
404,Cargo,356306000,2020,12,Bosphorus (TR)
405,Cargo,373507000,2020,12,Bosphorus (TR)
406,Cargo,477318100,2020,12,Bosphorus (TR)
407,Cargo,351526000,2020,12,Bosphorus (TR)
408,Cargo,271000578,2020,12,Bosphorus (TR)
409,Cargo,256318000,2020,12,Bosphorus (TR)
410,Cargo,636020153,2020,12,Bosphorus (TR)
411,Cargo,620150000,2020,12,Bosphorus (TR)
412,Tanker,636014489,2020,12,Bosphorus (TR)
413,Cargo,214182729,2020,12,Bosphorus (TR)
414,Tanker,636019277,2020,12,Bosphorus (TR)
415,Cargo,566882000,2020,12,Suez (EG)
416,Tanker,636013272,2020,12,Bosphorus (TR)
417,Cargo,538007274,2020,12,Bosphorus (TR)
418,Tanker,215270000,2020,12,Bosphorus (TR)
419,Tanker,538008005,2020,12,Suez (EG)
420,Cargo,511367000,2020,12,Bosphorus (TR)
421,Tanker,636015940,2020,12,Suez (EG)
422,Cargo,215126000,2020,12,Suez (EG)
423,Cargo,538008021,2020,12,Suez (EG)
424,Cargo,352493000,2020,12,Suez (EG)
425,Tanker,636016361,2020,12,Suez (EG)
426,Cargo,370228000,2020,12,Bosphorus (TR)
427,Cargo,273385100,2020,12,Bosphorus (TR)
428,Cargo,636017684,2020,12,Suez (EG)
429,Cargo,271000956,2020,12,Bosphorus (TR)
430,Cargo,311000398,2020,12,Suez (EG)
431,Cargo,538008151,2020,12,Suez (EG)
432,Cargo,271043631,2020,12,Bosphorus (TR)
433,Tanker,373028000,2020,12,Bosphorus (TR)
434,Cargo,229371000,2020,12,Bosphorus (TR)
435,Cargo,423039100,2020,12,Bosphorus (TR)
436,Cargo,667001567,2020,12,Bosphorus (TR)
437,Tanker,240594000,2020,12,Bosphorus (TR)
438,Cargo,577054000,2020,12,Bosphorus (TR)
439,Cargo,255805785,2020,12,Bosphorus (TR)
440,Cargo,538006303,2020,12,Bosphorus (TR)
441,Cargo,477057100,2020,12,Bosphorus (TR)
442,Cargo,214182698,2020,12,Bosphorus (TR)
443,Tanker,370805000,2020,12,Bosphorus (TR)
444,Tanker,273382620,2020,12,Bosphorus (TR)
445,Cargo,273213170,2020,12,Bosphorus (TR)
446,Cargo,518100677,2020,12,Bosphorus (TR)
447,Tanker,636092659,2020,12,Bosphorus (TR)
448,Tanker,229443000,2020,12,Suez (EG)
449,Cargo,636017434,2020,12,Suez (EG)
450,Cargo,259965000,2020,12,Bosphorus (TR)
451,Cargo,214182786,2020,12,Bosphorus (TR)
452,Cargo,636017757,2020,12,Bosphorus (TR)
453,Cargo,477300600,2020,12,Bosphorus (TR)
454,Cargo,241428000,2020,12,Suez (EG)
455,Cargo,355953000,2020,12,Suez (EG)
456,Cargo,219646000,2020,12,Suez (EG)
457,Cargo,255806185,2020,12,Bosphorus (TR)
458,Tanker,354731000,2020,12,Bosphorus (TR)
459,Cargo,355028000,2020,12,Bosphorus (TR)
460,Cargo,667001715,2020,12,Bosphorus (TR)
461,Cargo,477318200,2020,12,Suez (EG)
462,Tanker,240176000,2020,12,Bosphorus (TR)
463,Cargo,314486000,2020,12,Bosphorus (TR)
464,Tanker,642122014,2020,12,Bosphorus (TR)
465,Tanker,205553000,2020,12,Suez (EG)
466,Cargo,353691000,2020,12,Suez (EG)
467,Cargo,319135900,2020,12,Bosphorus (TR)
468,Cargo,355427000,2020,12,Bosphorus (TR)
469,Cargo,271002044,2020,12,Bosphorus (TR)
470,Cargo,620148000,2020,12,Bosphorus (TR)
471,Cargo,249870000,2020,12,Bosphorus (TR)
472,Cargo,566274000,2020,12,Bosphorus (TR)
473,Tanker,311133000,2020,12,Suez (EG)
474,Cargo,314525000,2020,12,Bosphorus (TR)
475,Cargo,538008808,2020,12,Bosphorus (TR)
476,Cargo,372098000,2020,12,Bosphorus (TR)
477,Cargo,511372000,2020,12,Bosphorus (TR)
478,Cargo,373774000,2020,12,Bosphorus (TR)
479,Cargo,677026300,2020,12,Bosphorus (TR)
480,Cargo,248938000,2020,12,Bosphorus (TR)
481,Tanker,271000716,2020,12,Bosphorus (TR)
482,Cargo,372504000,2020,12,Bosphorus (TR)
483,Tanker,538008290,2020,12,Bosphorus (TR)
484,Tanker,248224000,2020,12,Bosphorus (TR)
485,Cargo,370804000,2020,12,Bosphorus (TR)
486,Cargo,273430550,2020,12,Bosphorus (TR)
487,Cargo,352005000,2020,12,Bosphorus (TR)
488,Cargo,671238100,2020,12,Bosphorus (TR)
489,Cargo,636018321,2020,12,Bosphorus (TR)
490,Cargo,667949000,2020,12,Bosphorus (TR)
491,Cargo,477027400,2020,12,Bosphorus (TR)
492,Cargo,247322900,2020,12,Suez (EG)
493,Cargo,246432000,2020,12,Bosphorus (TR)
494,Cargo,538005041,2020,12,Bosphorus (TR)
495,Cargo,271044709,2020,12,Bosphorus (TR)
496,Cargo,671782000,2020,12,Bosphorus (TR)
497,Cargo,273330080,2020,12,Bosphorus (TR)
498,Cargo,373694000,2020,12,Bosphorus (TR)
499,Cargo,214181713,2020,12,Bosphorus (TR)
500,Cargo,538006096,2020,12,Suez (EG)
501,Cargo,667001213,2020,12,Bosphorus (TR)
502,Tanker,538007363,2020,12,Suez (EG)
503,Cargo,367665030,2020,12,Bosphorus (TR)
504,Tanker,210048000,2020,12,Suez (EG)
505,Cargo,353212000,2020,12,Suez (EG)
506,Cargo,403520001,2020,12,Suez (EG)
507,Tanker,477591400,2020,12,Suez (EG)
508,Tanker,232008101,2020,12,Suez (EG)
509,Cargo,477213400,2020,12,Suez (EG)
510,Tanker,311000133,2020,12,Bosphorus (TR)
511,Tanker,636015167,2020,12,Suez (EG)
512,Tanker,238252000,2020,12,Bosphorus (TR)
513,Cargo,620226000,2020,12,Bosphorus (TR)
514,Cargo,215139000,2020,12,Bosphorus (TR)
515,Cargo,667001960,2020,12,Bosphorus (TR)
516,Cargo,477620800,2020,12,Bosphorus (TR)
517,Tanker,636014308,2020,12,Bosphorus (TR)
518,Cargo,613003714,2020,12,Bosphorus (TR)
519,Cargo,636015744,2020,12,Suez (EG)
520,Tanker,219295000,2020,12,Suez (EG)
521,Cargo,229019000,2020,12,Bosphorus (TR)
522,Cargo,374050000,2020,12,Bosphorus (TR)
523,Cargo,273342800,2020,12,Bosphorus (TR)
524,Cargo,577300000,2020,12,Bosphorus (TR)
525,Cargo,271044036,2020,12,Bosphorus (TR)
526,Cargo,273334200,2020,12,Bosphorus (TR)
527,Cargo,671643000,2020,12,Bosphorus (TR)
528,Cargo,312425000,2020,12,Bosphorus (TR)
529,Cargo,370429000,2020,12,Bosphorus (TR)
530,Cargo,355814000,2020,12,Bosphorus (TR)
531,Cargo,538005063,2020,12,Bosphorus (TR)
532,Cargo,374829000,2020,12,Suez (EG)
533,Tanker,249811000,2020,12,Bosphorus (TR)
534,Cargo,671550000,2020,12,Bosphorus (TR)
535,Cargo,616999019,2020,12,Bosphorus (TR)
536,Cargo,271043661,2020,12,Bosphorus (TR)
537,Cargo,273210350,2020,12,Bosphorus (TR)
538,Cargo,314526000,2020,12,Bosphorus (TR)
539,Cargo,636092781,2020,12,Suez (EG)
540,Tanker,215835000,2020,12,Bosphorus (TR)
541,Tanker,232026670,2020,12,Bosphorus (TR)
542,Cargo,538007557,2020,12,Bosphorus (TR)
543,Cargo,273317010,2020,12,Bosphorus (TR)
544,Cargo,220478000,2020,12,Suez (EG)
545,Cargo,636015907,2020,12,Suez (EG)
546,Cargo,269149000,2020,12,Bosphorus (TR)
547,Cargo,311019100,2020,12,Suez (EG)
548,Cargo,477792400,2020,12,Bosphorus (TR)
549,Tanker,241522000,2020,12,Bosphorus (TR)
550,Cargo,477112100,2020,12,Bosphorus (TR)
551,Cargo,255806098,2020,12,Bosphorus (TR)
552,Cargo,215790000,2020,12,Bosphorus (TR)
553,Cargo,247352100,2020,12,Suez (EG)
554,Cargo,273339310,2020,12,Bosphorus (TR)
555,Tanker,249703000,2020,12,Bosphorus (TR)
556,Cargo,355550000,2020,12,Bosphorus (TR)
557,Cargo,255806203,2020,12,Suez (EG)
558,Cargo,538006220,2020,12,Suez (EG)
559,Tanker,241212000,2020,12,Bosphorus (TR)
560,Cargo,477776100,2020,12,Suez (EG)
561,Cargo,374531000,2020,12,Bosphorus (TR)
562,Cargo,636018102,2020,12,Suez (EG)
563,Cargo,563040400,2020,12,Bosphorus (TR)
564,Tanker,240147000,2020,12,Suez (EG)
565,Cargo,214181911,2020,12,Bosphorus (TR)
566,Cargo,214182669,2020,12,Bosphorus (TR)
567,Tanker,538008082,2020,12,Bosphorus (TR)
568,Cargo,613003584,2020,12,Bosphorus (TR)
569,Cargo,538009051,2020,12,Bosphorus (TR)
570,Cargo,273317720,2020,12,Bosphorus (TR)
571,Cargo,214182303,2020,12,Bosphorus (TR)
572,Cargo,311053100,2020,12,Bosphorus (TR)
573,Cargo,374914000,2020,12,Suez (EG)
574,Cargo,357398000,2020,12,Bosphorus (TR)
575,Tanker,271044409,2020,12,Bosphorus (TR)
576,Tanker,256495000,2020,12,Bosphorus (TR)
577,Cargo,518100299,2020,12,Bosphorus (TR)
578,Cargo,636092901,2020,12,Suez (EG)
579,Cargo,667001697,2020,12,Bosphorus (TR)
580,Cargo,273343110,2020,12,Bosphorus (TR)
581,Cargo,271002018,2020,12,Bosphorus (TR)
582,Cargo,671659000,2020,12,Bosphorus (TR)
583,Cargo,271000724,2020,12,Bosphorus (TR)
584,Cargo,677080700,2020,12,Bosphorus (TR)
585,Cargo,228315600,2020,12,Suez (EG)
586,Cargo,412348000,2020,12,Suez (EG)
587,Cargo,538006109,2020,12,Bosphorus (TR)
588,Cargo,214182745,2020,12,Bosphorus (TR)
589,Cargo,352328000,2020,12,Bosphorus (TR)
590,Cargo,538009125,2020,12,Bosphorus (TR)
591,Cargo,477148400,2020,12,Bosphorus (TR)
592,Cargo,636018496,2020,12,Bosphorus (TR)
593,Tanker,255806263,2020,12,Bosphorus (TR)
594,Cargo,207137000,2020,12,Bosphorus (TR)
595,Cargo,255805979,2020,12,Suez (EG)
596,Cargo,548973000,2020,12,Suez (EG)
597,Cargo,477592500,2020,12,Suez (EG)
598,Tanker,311538000,2020,12,Suez (EG)
599,Tanker,636018066,2020,12,Suez (EG)
600,Tanker,538006547,2020,12,Suez (EG)
601,Tanker,241449000,2020,12,Bosphorus (TR)
602,Cargo,563017800,2020,12,Suez (EG)
603,Cargo,215154000,2020,12,Suez (EG)
604,Cargo,548976000,2020,12,Suez (EG)
605,Cargo,563092500,2020,12,Suez (EG)
606,Tanker,538008322,2020,12,Bosphorus (TR)
607,Cargo,311000080,2020,12,Bosphorus (TR)
608,Cargo,374934000,2020,12,Bosphorus (TR)
609,Tanker,271047132,2020,12,Bosphorus (TR)
610,Cargo,423059100,2020,12,Bosphorus (TR)
611,Cargo,636016770,2020,12,Bosphorus (TR)
612,Tanker,538004508,2020,12,Bosphorus (TR)
613,Cargo,677043900,2020,12,Bosphorus (TR)
614,Cargo,667001617,2020,12,Bosphorus (TR)
615,Cargo,353554000,2020,12,Bosphorus (TR)
616,Tanker,273355680,2020,12,Bosphorus (TR)
617,Tanker,538007278,2020,12,Suez (EG)
618,Tanker,249732000,2020,12,Bosphorus (TR)
619,Cargo,371439000,2020,12,Bosphorus (TR)
620,Cargo,438031043,2020,12,Suez (EG)
621,Cargo,305681000,2020,12,Bosphorus (TR)
622,Cargo,373809000,2020,12,Bosphorus (TR)
623,Cargo,215047000,2020,12,Bosphorus (TR)
624,Tanker,636016504,2020,12,Bosphorus (TR)
625,Cargo,273354910,2020,12,Bosphorus (TR)
626,Cargo,351971000,2020,12,Bosphorus (TR)
627,Cargo,229611000,2020,12,Bosphorus (TR)
628,Cargo,563057700,2020,12,Bosphorus (TR)
629,Cargo,671706000,2020,12,Bosphorus (TR)
630,Cargo,636015499,2020,12,Bosphorus (TR)
631,Cargo,355008000,2020,12,Bosphorus (TR)
632,Cargo,371039000,2020,12,Bosphorus (TR)
633,Cargo,538005164,2020,12,Suez (EG)
634,Cargo,671432000,2020,12,Bosphorus (TR)
635,Cargo,538007863,2020,12,Bosphorus (TR)
636,Cargo,247286900,2020,12,Bosphorus (TR)
637,Cargo,538009228,2020,12,Bosphorus (TR)
638,Tanker,538002561,2020,12,Bosphorus (TR)
639,Tanker,219280000,2020,12,Suez (EG)
640,Cargo,215912000,2020,12,Bosphorus (TR)
641,Tanker,419594000,2020,12,Suez (EG)
642,Cargo,311029800,2020,12,Bosphorus (TR)
643,Cargo,671996000,2020,12,Suez (EG)
644,Cargo,271045735,2020,12,Bosphorus (TR)
645,Cargo,215430000,2020,12,Bosphorus (TR)
646,Cargo,357943000,2020,12,Suez (EG)
647,Cargo,352646000,2020,12,Bosphorus (TR)
648,Cargo,477967700,2020,12,Suez (EG)
649,Cargo,431792000,2020,12,Suez (EG)
650,Cargo,511100372,2020,12,Suez (EG)
651,Cargo,636019827,2020,12,Suez (EG)
652,Cargo,368473000,2020,12,Suez (EG)
653,Cargo,477982600,2020,12,Bosphorus (TR)
654,Tanker,273340190,2020,12,Bosphorus (TR)
655,Cargo,636016381,2020,12,Bosphorus (TR)
656,Cargo,229421000,2020,12,Suez (EG)
657,Cargo,271000266,2020,12,Bosphorus (TR)
658,Cargo,353725000,2020,12,Bosphorus (TR)
659,Cargo,374229000,2020,12,Bosphorus (TR)
660,Cargo,353978000,2020,12,Bosphorus (TR)
661,Cargo,616886000,2020,12,Bosphorus (TR)
662,Cargo,272056000,2020,12,Bosphorus (TR)
663,Tanker,538005409,2020,12,Bosphorus (TR)
664,Tanker,248417000,2020,12,Bosphorus (TR)
665,Tanker,272791000,2020,12,Bosphorus (TR)
666,Cargo,538090566,2020,12,Suez (EG)
667,Tanker,563047500,2020,12,Suez (EG)
668,Tanker,636018751,2020,12,Suez (EG)
669,Cargo,374766000,2020,12,Suez (EG)
670,Cargo,319409000,2020,12,Suez (EG)
671,Tanker,273437770,2020,12,Bosphorus (TR)
672,Cargo,244130642,2020,12,Bosphorus (TR)
673,Cargo,538003719,2020,12,Bosphorus (TR)
674,Cargo,511963000,2020,12,Bosphorus (TR)
675,Cargo,450552000,2020,12,Bosphorus (TR)
676,Cargo,209979000,2020,12,Suez (EG)
677,Cargo,355953000,2020,12,Bosphorus (TR)
678,Cargo,356624000,2020,12,Bosphorus (TR)
679,Tanker,564870000,2020,12,Bosphorus (TR)
680,Cargo,273339800,2020,12,Bosphorus (TR)
681,Cargo,247335700,2020,12,Suez (EG)
682,Cargo,228394600,2020,12,Suez (EG)
683,Tanker,565343000,2020,12,Bosphorus (TR)
684,Cargo,371007000,2020,12,Bosphorus (TR)
685,Cargo,356187000,2020,12,Bosphorus (TR)
686,Cargo,372218000,2020,12,Suez (EG)
687,Cargo,477172700,2020,12,Suez (EG)
688,Cargo,369246000,2020,12,Suez (EG)
689,Cargo,312514000,2020,12,Bosphorus (TR)
690,Cargo,341593000,2020,12,Bosphorus (TR)
691,Cargo,374343000,2020,12,Bosphorus (TR)
692,Cargo,215424000,2020,12,Bosphorus (TR)
693,Cargo,311015100,2020,12,Suez (EG)
694,Cargo,273338330,2020,12,Bosphorus (TR)
695,Cargo,357600000,2020,12,Bosphorus (TR)
696,Cargo,636016690,2020,12,Bosphorus (TR)
697,Cargo,538007200,2020,12,Bosphorus (TR)
698,Cargo,477592500,2020,12,Bosphorus (TR)
699,Cargo,677023300,2020,12,Bosphorus (TR)
700,Cargo,354669000,2020,12,Bosphorus (TR)
701,Cargo,273416980,2020,12,Bosphorus (TR)
702,Cargo,374760000,2020,12,Bosphorus (TR)
703,Tanker,273352430,2020,12,Bosphorus (TR)
704,Cargo,314513000,2020,12,Bosphorus (TR)
705,Tanker,538005245,2020,12,Bosphorus (TR)
706,Cargo,273331970,2020,12,Bosphorus (TR)
707,Cargo,212615000,2020,12,Bosphorus (TR)
708,Cargo,538006683,2020,12,Bosphorus (TR)
709,Tanker,256337000,2020,12,Bosphorus (TR)
710,Cargo,214181602,2020,12,Bosphorus (TR)
711,Cargo,353397000,2020,12,Bosphorus (TR)
712,Cargo,373332000,2020,12,Bosphorus (TR)
713,Cargo,255805889,2020,12,Suez (EG)
714,Tanker,273412980,2020,12,Bosphorus (TR)
715,Cargo,538004270,2020,12,Bosphorus (TR)
716,Cargo,538005610,2020,12,Bosphorus (TR)
717,Cargo,246854000,2020,12,Bosphorus (TR)
718,Cargo,477353500,2020,12,Bosphorus (TR)
719,Cargo,311878000,2020,12,Bosphorus (TR)
720,Cargo,667005192,2020,12,Bosphorus (TR)
721,Cargo,671700000,2020,12,Suez (EG)
722,Cargo,620769000,2020,12,Bosphorus (TR)
723,Cargo,271047277,2020,12,Bosphorus (TR)
724,Cargo,219018271,2020,12,Suez (EG)
725,Cargo,511100315,2020,12,Suez (EG)
726,Cargo,636016303,2020,12,Bosphorus (TR)
727,Cargo,372736000,2020,12,Suez (EG)
728,Cargo,538007238,2020,12,Suez (EG)
729,Cargo,671436000,2020,12,Bosphorus (TR)
730,Cargo,247015300,2020,12,Suez (EG)
731,Cargo,548988000,2020,12,Suez (EG)
732,Tanker,219265000,2020,12,Suez (EG)
733,Cargo,215593000,2020,12,Suez (EG)
734,Tanker,311000359,2020,12,Suez (EG)
735,Cargo,229615000,2020,12,Suez (EG)
736,Tanker,636011641,2020,12,Bosphorus (TR)
737,Cargo,374477000,2020,12,Bosphorus (TR)
738,Cargo,271000677,2020,12,Bosphorus (TR)
739,Cargo,214182738,2020,12,Bosphorus (TR)
740,Cargo,271001057,2020,12,Bosphorus (TR)
741,Cargo,271043213,2020,12,Bosphorus (TR)
742,Cargo,677075600,2020,12,Bosphorus (TR)
743,Tanker,271047982,2020,12,Bosphorus (TR)
744,Tanker,218551000,2020,12,Bosphorus (TR)
745,Tanker,259266000,2020,12,Bosphorus (TR)
746,Cargo,354443000,2020,12,Bosphorus (TR)
747,Cargo,244301000,2020,12,Bosphorus (TR)
748,Cargo,538008024,2020,12,Bosphorus (TR)
749,Cargo,271002569,2020,12,Bosphorus (TR)
750,Cargo,377768000,2020,12,Bosphorus (TR)
751,Cargo,354141000,2020,12,Bosphorus (TR)
752,Cargo,538005840,2020,12,Suez (EG)
753,Cargo,249607000,2020,12,Bosphorus (TR)
754,Tanker,636091621,2020,12,Bosphorus (TR)
755,Cargo,636092151,2020,12,Bosphorus (TR)
756,Cargo,636017867,2020,12,Suez (EG)
757,Cargo,219034000,2020,12,Suez (EG)
758,Cargo,671051100,2020,12,Bosphorus (TR)
759,Tanker,311927000,2020,12,Bosphorus (TR)
760,Tanker,355411000,2020,12,Bosphorus (TR)
761,Cargo,305610000,2020,12,Suez (EG)
762,Cargo,577127000,2020,12,Bosphorus (TR)
763,Cargo,667001777,2020,12,Bosphorus (TR)
764,Cargo,371878000,2020,12,Bosphorus (TR)
765,Cargo,273439520,2020,12,Bosphorus (TR)
766,Cargo,373746000,2020,12,Bosphorus (TR)
767,Tanker,636013848,2020,12,Bosphorus (TR)
768,Tanker,357364000,2020,12,Suez (EG)
769,Tanker,538008513,2020,12,Suez (EG)
770,Cargo,636018296,2020,12,Suez (EG)
771,Tanker,538005826,2020,12,Suez (EG)
772,Cargo,256062000,2020,12,Suez (EG)
773,Tanker,229773000,2020,12,Suez (EG)
774,Cargo,215083000,2020,12,Bosphorus (TR)
775,Cargo,414701000,2020,12,Bosphorus (TR)
776,Cargo,271002732,2020,12,Bosphorus (TR)
777,Cargo,636018659,2020,12,Suez (EG)
778,Tanker,352642000,2020,12,Bosphorus (TR)
779,Cargo,273452000,2020,12,Bosphorus (TR)
780,Cargo,353552000,2020,12,Bosphorus (TR)
781,Cargo,353695000,2020,12,Bosphorus (TR)
782,Cargo,273419510,2020,12,Bosphorus (TR)
783,Cargo,677017000,2020,12,Bosphorus (TR)
784,Tanker,566242000,2020,12,Suez (EG)
785,Tanker,271045665,2020,12,Bosphorus (TR)
786,Cargo,304072000,2020,12,Bosphorus (TR)
787,Cargo,357224000,2020,12,Bosphorus (TR)
788,Cargo,244224000,2020,12,Bosphorus (TR)
789,Cargo,616999005,2020,12,Bosphorus (TR)
790,Cargo,351300000,2020,12,Bosphorus (TR)
791,Cargo,373019000,2020,12,Bosphorus (TR)
792,Cargo,255806364,2020,12,Suez (EG)
793,Tanker,351180000,2020,12,Bosphorus (TR)
794,Cargo,538008688,2020,12,Bosphorus (TR)
795,Cargo,538005844,2020,12,Suez (EG)
796,Tanker,538008202,2020,12,Suez (EG)
797,Cargo,671781000,2020,12,Bosphorus (TR)
798,Cargo,565097000,2020,12,Suez (EG)
799,Cargo,563012500,2020,12,Bosphorus (TR)
800,Cargo,370485000,2020,12,Bosphorus (TR)
801,Cargo,372605000,2020,12,Bosphorus (TR)
802,Cargo,353554000,2020,12,Suez (EG)
803,Cargo,273435130,2020,12,Bosphorus (TR)
804,Cargo,671016100,2020,12,Bosphorus (TR)
805,Cargo,636015499,2020,12,Suez (EG)
806,Cargo,212510000,2020,12,Suez (EG)
807,Cargo,511942000,2020,12,Bosphorus (TR)
808,Cargo,271000825,2020,12,Bosphorus (TR)
809,Cargo,312849000,2020,12,Bosphorus (TR)
810,Tanker,247087700,2020,12,Bosphorus (TR)
811,Cargo,215277000,2020,12,Bosphorus (TR)
812,Cargo,624022000,2020,12,Suez (EG)
813,Cargo,271000871,2020,12,Bosphorus (TR)
814,Cargo,356167000,2020,12,Bosphorus (TR)
815,Cargo,355140000,2020,12,Bosphorus (TR)
816,Cargo,477001800,2020,12,Bosphorus (TR)
817,Cargo,370953000,2020,12,Bosphorus (TR)
818,Cargo,214111114,2020,12,Bosphorus (TR)
819,Tanker,538090550,2020,12,Bosphorus (TR)
820,Cargo,620752000,2020,12,Bosphorus (TR)
821,Tanker,538007646,2020,12,Bosphorus (TR)
822,Cargo,667005247,2020,12,Bosphorus (TR)
823,Cargo,667001522,2020,12,Bosphorus (TR)
824,Cargo,256387000,2020,12,Bosphorus (TR)
825,Tanker,538007154,2020,12,Bosphorus (TR)
826,Cargo,671975000,2020,12,Bosphorus (TR)
827,Tanker,271002456,2020,12,Bosphorus (TR)
828,Cargo,636019585,2020,12,Bosphorus (TR)
829,Cargo,375276000,2020,12,Bosphorus (TR)
830,Cargo,577459000,2020,12,Bosphorus (TR)
831,Cargo,636018542,2020,12,Suez (EG)
832,Cargo,620133000,2020,12,Bosphorus (TR)
833,Cargo,477131300,2020,12,Bosphorus (TR)
834,Cargo,563019500,2020,12,Suez (EG)
835,Cargo,215143000,2020,12,Suez (EG)
836,Tanker,423488100,2020,12,Bosphorus (TR)
837,Cargo,538003930,2020,12,Bosphorus (TR)
838,Cargo,355798000,2020,12,Suez (EG)
839,Cargo,636017197,2020,12,Bosphorus (TR)
840,Cargo,576082000,2020,12,Bosphorus (TR)
841,Cargo,351657000,2020,12,Bosphorus (TR)
842,Cargo,273215160,2020,12,Suez (EG)
843,Cargo,374029000,2020,12,Suez (EG)
844,Tanker,219674000,2020,12,Suez (EG)
845,Tanker,636016017,2020,12,Bosphorus (TR)
846,Tanker,538006844,2020,12,Suez (EG)
847,Tanker,257077000,2020,12,Suez (EG)
848,Cargo,636015289,2020,12,Bosphorus (TR)
849,Cargo,312793000,2020,12,Bosphorus (TR)
850,Tanker,271002726,2020,12,Bosphorus (TR)
851,Cargo,577397000,2020,12,Bosphorus (TR)
852,Cargo,219979000,2020,12,Bosphorus (TR)
853,Cargo,371587000,2020,12,Bosphorus (TR)
854,Cargo,273446710,2020,12,Bosphorus (TR)
855,Tanker,636012896,2020,12,Bosphorus (TR)
856,Cargo,563039700,2020,12,Suez (EG)
857,Tanker,249981000,2020,12,Bosphorus (TR)
858,Cargo,248854000,2020,12,Bosphorus (TR)
859,Cargo,636018253,2020,12,Bosphorus (TR)
860,Tanker,256123000,2020,12,Bosphorus (TR)
861,Cargo,273341110,2020,12,Bosphorus (TR)
862,Cargo,538004266,2020,12,Bosphorus (TR)
863,Cargo,273319100,2020,12,Bosphorus (TR)
864,Cargo,538008017,2020,12,Bosphorus (TR)
865,Tanker,538004120,2020,12,Bosphorus (TR)
866,Cargo,563034900,2020,12,Suez (EG)
867,Cargo,371305000,2020,12,Bosphorus (TR)
868,Tanker,215817000,2020,12,Bosphorus (TR)
869,Cargo,563062200,2020,12,Suez (EG)
870,Cargo,518790000,2020,12,Bosphorus (TR)
871,Cargo,518100770,2020,12,Bosphorus (TR)
872,Tanker,273392370,2020,12,Bosphorus (TR)
873,Cargo,477521100,2020,12,Bosphorus (TR)
874,Cargo,235102851,2020,12,Bosphorus (TR)
875,Cargo,273310010,2020,12,Bosphorus (TR)
876,Cargo,373774000,2020,12,Suez (EG)
877,Tanker,563093900,2020,12,Suez (EG)
878,Cargo,538006349,2020,12,Bosphorus (TR)
879,Tanker,636018584,2020,12,Suez (EG)
880,Cargo,563013400,2020,12,Suez (EG)
881,Tanker,248768000,2020,12,Bosphorus (TR)
882,Cargo,219018501,2020,12,Suez (EG)
883,Cargo,271000506,2020,12,Bosphorus (TR)
884,Tanker,636014310,2020,12,Bosphorus (TR)
885,Cargo,636018495,2020,12,Suez (EG)
886,Cargo,677054000,2020,12,Suez (EG)
887,Tanker,447159000,2020,12,Suez (EG)
888,Cargo,636018742,2020,12,Suez (EG)
889,Cargo,229938000,2020,12,Bosphorus (TR)
890,Cargo,538005267,2020,12,Bosphorus (TR)
891,Tanker,352182000,2020,12,Suez (EG)
892,Tanker,538008704,2020,12,Suez (EG)
893,Cargo,441151000,2020,12,Suez (EG)
894,Cargo,311000717,2020,12,Suez (EG)
895,Cargo,511986000,2020,12,Bosphorus (TR)
896,Tanker,256614000,2020,12,Bosphorus (TR)
897,Cargo,319144400,2020,12,Bosphorus (TR)
898,Cargo,273311400,2020,12,Bosphorus (TR)
899,Cargo,613003549,2020,12,Bosphorus (TR)
900,Cargo,272144000,2020,12,Bosphorus (TR)
901,Tanker,256714000,2020,12,Bosphorus (TR)
902,Cargo,271044600,2020,12,Bosphorus (TR)
903,Cargo,371949000,2020,12,Bosphorus (TR)
904,Cargo,314527000,2020,12,Bosphorus (TR)
905,Cargo,273359980,2020,12,Bosphorus (TR)
906,Cargo,373909000,2020,12,Bosphorus (TR)
907,Cargo,256255000,2020,12,Bosphorus (TR)
908,Cargo,271000388,2020,12,Bosphorus (TR)
909,Cargo,538005700,2020,12,Bosphorus (TR)
910,Tanker,636014489,2020,12,Suez (EG)
911,Cargo,566955000,2020,12,Suez (EG)
912,Cargo,538009071,2020,12,Suez (EG)
913,Cargo,636018325,2020,12,Bosphorus (TR)
914,Cargo,249784000,2020,12,Bosphorus (TR)
915,Cargo,256488000,2020,12,Bosphorus (TR)
916,Cargo,249615000,2020,12,Bosphorus (TR)
917,Cargo,271044120,2020,12,Bosphorus (TR)
918,Cargo,563106400,2020,12,Suez (EG)
919,Cargo,244850853,2020,12,Bosphorus (TR)
920,Cargo,477518800,2020,12,Bosphorus (TR)
921,Cargo,372008000,2020,12,Suez (EG)
922,Cargo,477748600,2020,12,Bosphorus (TR)
923,Cargo,353769000,2020,12,Bosphorus (TR)
924,Cargo,312481000,2020,12,Bosphorus (TR)
925,Tanker,636016274,2020,12,Bosphorus (TR)
926,Cargo,319366000,2020,12,Bosphorus (TR)
927,Cargo,273218340,2020,12,Bosphorus (TR)
928,Cargo,215277000,2020,12,Suez (EG)
929,Cargo,256155000,2020,12,Bosphorus (TR)
930,Cargo,220379000,2020,12,Suez (EG)
931,Cargo,214181716,2020,12,Bosphorus (TR)
932,Cargo,220477000,2020,12,Suez (EG)
933,Cargo,272142000,2020,12,Bosphorus (TR)
934,Cargo,636016922,2020,12,Bosphorus (TR)
935,Cargo,466208000,2020,12,Bosphorus (TR)
936,Cargo,563002100,2020,12,Suez (EG)
937,Tanker,215276000,2020,12,Bosphorus (TR)
938,Tanker,311628000,2020,12,Suez (EG)
939,Tanker,636015415,2020,12,Suez (EG)
940,Tanker,636013381,2020,12,Suez (EG)
941,Cargo,667001769,2020,12,Bosphorus (TR)
942,Tanker,355087000,2020,12,Suez (EG)
943,Tanker,636019920,2020,12,Suez (EG)
944,Cargo,356515000,2020,12,Bosphorus (TR)
945,Cargo,636018000,2020,12,Bosphorus (TR)
946,Cargo,357297000,2020,12,Bosphorus (TR)
947,Cargo,249201000,2020,12,Bosphorus (TR)
948,Tanker,373026000,2020,12,Suez (EG)
949,Cargo,538003515,2020,12,Bosphorus (TR)
950,Cargo,374927000,2020,12,Bosphorus (TR)
951,Cargo,636015992,2020,12,Suez (EG)
952,Tanker,538006773,2020,12,Bosphorus (TR)
953,Tanker,271043400,2020,12,Bosphorus (TR)
954,Tanker,271048070,2020,12,Bosphorus (TR)
955,Cargo,341278000,2020,12,Bosphorus (TR)
956,Cargo,372970000,2020,12,Bosphorus (TR)
957,Cargo,373092000,2020,12,Bosphorus (TR)
958,Cargo,355795000,2020,12,Bosphorus (TR)
959,Cargo,636013322,2020,12,Suez (EG)
960,Cargo,636018739,2020,12,Bosphorus (TR)
961,Cargo,241217000,2020,12,Bosphorus (TR)
962,Tanker,273387430,2020,12,Bosphorus (TR)
963,Tanker,636015167,2020,12,Bosphorus (TR)
964,Cargo,351738000,2020,12,Bosphorus (TR)
965,Cargo,677013200,2020,12,Bosphorus (TR)
966,Cargo,423066100,2020,12,Bosphorus (TR)
967,Tanker,256625000,2020,12,Bosphorus (TR)
968,Cargo,371582000,2020,12,Suez (EG)
969,Cargo,353729000,2020,12,Bosphorus (TR)
970,Cargo,271043810,2020,12,Bosphorus (TR)
971,Cargo,577391000,2020,12,Bosphorus (TR)
972,Cargo,341572000,2020,12,Bosphorus (TR)
973,Cargo,229376000,2020,12,Bosphorus (TR)
974,Cargo,477166300,2020,12,Suez (EG)
975,Cargo,538002652,2020,12,Suez (EG)
976,Cargo,477737800,2020,12,Suez (EG)
977,Cargo,214181607,2020,12,Bosphorus (TR)
978,Cargo,636092937,2020,12,Suez (EG)
979,Cargo,477552200,2020,12,Bosphorus (TR)
980,Cargo,355870000,2020,12,Bosphorus (TR)
981,Cargo,636015197,2020,12,Bosphorus (TR)
982,Tanker,357315000,2020,12,Suez (EG)
983,Cargo,241237000,2020,12,Suez (EG)
984,Cargo,477397800,2020,12,Suez (EG)
985,Cargo,413187000,2020,12,Suez (EG)
986,Cargo,636012798,2020,12,Bosphorus (TR)
987,Cargo,538005787,2020,12,Bosphorus (TR)
988,Cargo,671505000,2020,12,Bosphorus (TR)
989,Cargo,636015498,2020,12,Bosphorus (TR)
990,Tanker,229599000,2020,12,Bosphorus (TR)
991,Tanker,232019341,2020,12,Bosphorus (TR)
992,Cargo,341855000,2020,12,Bosphorus (TR)
993,Cargo,354744000,2020,12,Suez (EG)
994,Cargo,271040311,2020,12,Bosphorus (TR)
995,Cargo,620382000,2020,12,Bosphorus (TR)
996,Cargo,271043443,2020,12,Bosphorus (TR)
997,Cargo,273219680,2020,12,Bosphorus (TR)
998,Cargo,271040407,2020,12,Bosphorus (TR)
999,Cargo,311000613,2020,12,Bosphorus (TR)
1000,Tanker,271000882,2020,12,Bosphorus (TR)
1001,Tanker,356122000,2020,12,Bosphorus (TR)
1002,Cargo,374574000,2020,12,Bosphorus (TR)
1003,Cargo,620040000,2020,12,Bosphorus (TR)
1004,Cargo,374321000,2020,12,Bosphorus (TR)
1005,Cargo,538006315,2020,12,Bosphorus (TR)
1006,Tanker,319151100,2020,12,Bosphorus (TR)
1007,Tanker,257742000,2020,12,Suez (EG)
1008,Cargo,477006500,2020,12,Suez (EG)
1009,Tanker,636019720,2020,12,Suez (EG)
1010,Cargo,667001963,2020,12,Bosphorus (TR)
1011,Cargo,249390000,2020,12,Suez (EG)
1012,Tanker,538006612,2020,12,Bosphorus (TR)
1013,Cargo,477118600,2020,12,Bosphorus (TR)
1014,Cargo,671338000,2020,12,Bosphorus (TR)
1015,Cargo,305222000,2020,12,Bosphorus (TR)
1016,Cargo,373153000,2020,12,Suez (EG)
1017,Cargo,518100381,2020,12,Bosphorus (TR)
1018,Cargo,219835000,2020,12,Suez (EG)
1019,Cargo,636016580,2020,12,Suez (EG)
1020,Tanker,636091569,2020,12,Bosphorus (TR)
1021,Tanker,574004670,2020,12,Bosphorus (TR)
1022,Cargo,273315460,2020,12,Bosphorus (TR)
1023,Cargo,538008413,2020,12,Bosphorus (TR)
1024,Cargo,256705000,2020,12,Bosphorus (TR)
1025,Cargo,477168400,2020,12,Suez (EG)
1026,Tanker,256549000,2020,12,Bosphorus (TR)
1027,Tanker,477698300,2020,12,Bosphorus (TR)
1028,Cargo,413133000,2020,12,Suez (EG)
1029,Cargo,375671000,2020,12,Bosphorus (TR)
1030,Cargo,373231000,2020,12,Suez (EG)
1031,Cargo,636015907,2020,12,Bosphorus (TR)
1032,Cargo,311000611,2020,12,Bosphorus (TR)
1033,Cargo,354854000,2020,12,Bosphorus (TR)
1034,Cargo,273350190,2020,12,Bosphorus (TR)
1035,Tanker,229637000,2020,12,Bosphorus (TR)
1036,Cargo,214182759,2020,12,Bosphorus (TR)
1037,Cargo,271044386,2020,12,Bosphorus (TR)
1038,Cargo,538008494,2020,12,Bosphorus (TR)
1039,Cargo,613003621,2020,12,Bosphorus (TR)
1040,Cargo,667001699,2020,12,Bosphorus (TR)
1041,Cargo,273350360,2020,12,Bosphorus (TR)
1042,Cargo,271000260,2020,12,Bosphorus (TR)
1043,Cargo,518100206,2020,12,Bosphorus (TR)
1044,Cargo,351399000,2020,12,Bosphorus (TR)
1045,Tanker,636018811,2020,12,Suez (EG)
1046,Cargo,518856000,2020,12,Bosphorus (TR)
1047,Cargo,248848000,2020,12,Bosphorus (TR)
1048,Cargo,272140000,2020,12,Bosphorus (TR)
1049,Cargo,376616000,2020,12,Bosphorus (TR)
1050,Cargo,248135000,2020,12,Bosphorus (TR)
1051,Cargo,372879000,2020,12,Bosphorus (TR)
1052,Cargo,305812000,2020,12,Bosphorus (TR)
1053,Cargo,538004897,2020,12,Bosphorus (TR)
1054,Cargo,431929000,2020,12,Suez (EG)
1055,Cargo,636018243,2020,12,Bosphorus (TR)
1056,Cargo,636091788,2020,12,Suez (EG)
1057,Tanker,309992000,2020,12,Bosphorus (TR)
1058,Cargo,249114000,2020,12,Bosphorus (TR)
1059,Cargo,667001639,2020,12,Bosphorus (TR)
1060,Cargo,311000558,2020,12,Bosphorus (TR)
1061,Cargo,219854000,2020,12,Suez (EG)
1062,Cargo,249710000,2020,12,Bosphorus (TR)
1063,Cargo,352335000,2020,12,Suez (EG)
1064,Tanker,477591100,2020,12,Suez (EG)
1065,Cargo,356289000,2020,12,Suez (EG)
1066,Cargo,538009216,2020,12,Suez (EG)
1067,Tanker,240906000,2020,12,Suez (EG)
1068,Cargo,354899000,2020,12,Suez (EG)
1069,Cargo,538006429,2020,12,Suez (EG)
1070,Cargo,273218870,2020,12,Bosphorus (TR)
1071,Cargo,636017670,2020,12,Suez (EG)
1072,Cargo,255805623,2020,12,Bosphorus (TR)
1073,Tanker,566252000,2020,12,Suez (EG)
1074,Tanker,215065000,2020,12,Bosphorus (TR)
1075,Cargo,356337000,2020,12,Bosphorus (TR)
1076,Cargo,271002352,2020,12,Bosphorus (TR)
1077,Cargo,271042197,2020,12,Bosphorus (TR)
1078,Cargo,671043100,2020,12,Bosphorus (TR)
1079,Cargo,273314900,2020,12,Bosphorus (TR)
1080,Cargo,636016319,2020,12,Bosphorus (TR)
1081,Cargo,371806000,2020,12,Bosphorus (TR)
1082,Cargo,273451690,2020,12,Bosphorus (TR)
1083,Cargo,538007545,2020,12,Suez (EG)
1084,Tanker,273358190,2020,12,Bosphorus (TR)
1085,Cargo,273329500,2020,12,Bosphorus (TR)
1086,Cargo,273341900,2020,12,Bosphorus (TR)
1087,Tanker,319349000,2020,12,Suez (EG)
1088,Cargo,671273100,2020,12,Bosphorus (TR)
1089,Cargo,636018939,2020,12,Bosphorus (TR)
1090,Cargo,374308000,2020,12,Bosphorus (TR)
1091,Tanker,636013645,2020,12,Bosphorus (TR)
1092,Cargo,677098000,2020,12,Bosphorus (TR)
1093,Cargo,371752000,2020,12,Suez (EG)
1094,Cargo,373069000,2020,12,Suez (EG)
1095,Cargo,538008075,2020,12,Bosphorus (TR)
1096,Cargo,273422380,2020,12,Bosphorus (TR)
1097,Cargo,577005000,2020,12,Bosphorus (TR)
1098,Cargo,667022000,2020,12,Bosphorus (TR)
1099,Cargo,241428000,2020,12,Bosphorus (TR)
1100,Tanker,219149000,2020,12,Suez (EG)
1101,Cargo,352386000,2020,12,Bosphorus (TR)
1102,Tanker,636013275,2020,12,Bosphorus (TR)
1103,Cargo,636018158,2020,12,Suez (EG)
1104,Cargo,209756000,2020,12,Suez (EG)
1105,Tanker,256017000,2020,12,Bosphorus (TR)
1106,Tanker,273337080,2020,12,Bosphorus (TR)
1107,Tanker,215490000,2020,12,Bosphorus (TR)
1108,Cargo,357925000,2020,12,Bosphorus (TR)
1109,Cargo,577398000,2020,12,Bosphorus (TR)
1110,Cargo,272544000,2020,12,Bosphorus (TR)
1111,Cargo,356245000,2020,12,Bosphorus (TR)
1112,Cargo,371734000,2020,12,Bosphorus (TR)
1113,Cargo,312629000,2020,12,Bosphorus (TR)
1114,Cargo,636020064,2020,12,Bosphorus (TR)
1115,Cargo,356642000,2020,12,Bosphorus (TR)
1116,Cargo,215538000,2020,12,Bosphorus (TR)
1117,Tanker,271046574,2020,12,Bosphorus (TR)
1118,Cargo,352846000,2020,12,Bosphorus (TR)
1119,Cargo,677062000,2020,12,Bosphorus (TR)
1120,Cargo,218433000,2020,12,Bosphorus (TR)
1121,Tanker,273342900,2020,12,Bosphorus (TR)
1122,Cargo,371319000,2020,12,Suez (EG)
1123,Cargo,253684000,2020,12,Bosphorus (TR)
1124,Tanker,248371000,2020,12,Bosphorus (TR)
1125,Cargo,273333500,2020,12,Bosphorus (TR)
1126,Tanker,271046920,2020,12,Bosphorus (TR)
1127,Cargo,538006519,2020,12,Bosphorus (TR)
1128,Cargo,477631200,2020,12,Bosphorus (TR)
1129,Cargo,677063200,2020,12,Bosphorus (TR)
1130,Cargo,538006286,2020,12,Bosphorus (TR)
1131,Cargo,677019400,2020,12,Bosphorus (TR)
1132,Cargo,273358260,2020,12,Bosphorus (TR)
1133,Tanker,538004071,2020,12,Bosphorus (TR)
1134,Cargo,249559000,2020,12,Bosphorus (TR)
1135,Cargo,564388000,2020,12,Suez (EG)
1136,Cargo,477524900,2020,12,Suez (EG)
1137,Cargo,341599000,2020,12,Bosphorus (TR)
1138,Tanker,271045975,2020,12,Bosphorus (TR)
1139,Tanker,219830000,2020,12,Suez (EG)
1140,Cargo,305961000,2020,12,Suez (EG)
1141,Cargo,220263000,2020,12,Suez (EG)
1142,Cargo,622120321,2020,12,Bosphorus (TR)
1143,Tanker,511100397,2020,12,Suez (EG)
1144,Cargo,636091840,2020,12,Bosphorus (TR)
1145,Cargo,511100249,2020,12,Bosphorus (TR)
1146,Cargo,312770000,2020,12,Bosphorus (TR)
1147,Cargo,273332670,2020,12,Bosphorus (TR)
1148,Cargo,271000450,2020,12,Bosphorus (TR)
1149,Cargo,671389000,2020,12,Bosphorus (TR)
1150,Cargo,477514400,2020,12,Bosphorus (TR)
1151,Cargo,353644000,2020,12,Bosphorus (TR)
1152,Cargo,373732000,2020,12,Bosphorus (TR)
1153,Cargo,371202000,2020,12,Bosphorus (TR)
1154,Cargo,636017103,2020,12,Suez (EG)
1155,Cargo,355689000,2020,12,Bosphorus (TR)
1156,Cargo,355647000,2020,12,Bosphorus (TR)
1157,Cargo,272031000,2020,12,Bosphorus (TR)
1158,Cargo,244826000,2020,12,Bosphorus (TR)
1159,Cargo,373484000,2020,12,Bosphorus (TR)
1160,Cargo,370604000,2020,12,Bosphorus (TR)
1161,Cargo,636017493,2020,12,Suez (EG)
1162,Cargo,538002635,2020,12,Suez (EG)
1163,Cargo,256109000,2020,12,Bosphorus (TR)
1164,Cargo,372644000,2020,12,Bosphorus (TR)
1165,Cargo,620228000,2020,12,Bosphorus (TR)
1166,Cargo,636017022,2020,12,Bosphorus (TR)
1167,Tanker,538004518,2020,12,Bosphorus (TR)
1168,Cargo,256169000,2020,12,Suez (EG)
1169,Cargo,636018393,2020,12,Bosphorus (TR)
1170,Cargo,357434000,2020,12,Bosphorus (TR)
1171,Tanker,419506000,2020,12,Bosphorus (TR)
1172,Cargo,477850400,2020,12,Bosphorus (TR)
1173,Tanker,249853000,2020,12,Suez (EG)
1174,Cargo,273395750,2020,12,Bosphorus (TR)
1175,Cargo,312279000,2020,12,Bosphorus (TR)
1176,Tanker,563091300,2020,12,Bosphorus (TR)
1177,Cargo,220010000,2020,12,Suez (EG)
1178,Tanker,538006682,2020,12,Suez (EG)
1179,Cargo,538008567,2020,12,Bosphorus (TR)
1180,Cargo,667001714,2020,12,Bosphorus (TR)
1181,Cargo,538005518,2020,12,Suez (EG)
1182,Cargo,355729000,2020,12,Suez (EG)
1183,Cargo,671501000,2020,12,Bosphorus (TR)
1184,Tanker,271000961,2020,12,Bosphorus (TR)
1185,Cargo,271044718,2020,12,Bosphorus (TR)
1186,Cargo,312099000,2020,12,Bosphorus (TR)
1187,Tanker,538005372,2020,12,Bosphorus (TR)
1188,Cargo,271002587,2020,12,Bosphorus (TR)
1189,Cargo,311128000,2020,12,Suez (EG)
1190,Cargo,352356000,2020,12,Bosphorus (TR)
1191,Tanker,636016968,2020,12,Bosphorus (TR)
1192,Cargo,314500000,2020,12,Bosphorus (TR)
1193,Tanker,538005373,2020,12,Suez (EG)
1194,Cargo,256683000,2020,12,Suez (EG)
1195,Cargo,538007757,2020,12,Bosphorus (TR)
1196,Cargo,352725000,2020,12,Bosphorus (TR)
1197,Tanker,273359390,2020,12,Bosphorus (TR)
1198,Cargo,249431000,2020,12,Bosphorus (TR)
1199,Cargo,214182224,2020,12,Bosphorus (TR)
1200,Tanker,273331440,2020,12,Bosphorus (TR)
1201,Tanker,538007390,2020,12,Bosphorus (TR)
1202,Cargo,626060000,2020,12,Bosphorus (TR)
1203,Cargo,273217380,2020,12,Bosphorus (TR)
1204,Tanker,271043277,2020,12,Bosphorus (TR)
1205,Cargo,372461000,2020,12,Bosphorus (TR)
1206,Tanker,215703000,2020,12,Bosphorus (TR)
1207,Cargo,372951000,2020,12,Bosphorus (TR)
1208,Cargo,214181915,2020,12,Bosphorus (TR)
1209,Cargo,311922000,2020,12,Suez (EG)
1210,Cargo,566999000,2020,12,Suez (EG)
1211,Cargo,463041101,2020,12,Bosphorus (TR)
1212,Cargo,636019053,2020,12,Bosphorus (TR)
1213,Cargo,229344000,2020,12,Bosphorus (TR)
1214,Tanker,247391400,2020,12,Bosphorus (TR)
1215,Cargo,351828000,2020,12,Suez (EG)
1216,Cargo,477233300,2020,12,Suez (EG)
1217,Tanker,636014349,2020,12,Suez (EG)
1218,Cargo,248430000,2020,12,Suez (EG)
1219,Cargo,248901000,2020,12,Bosphorus (TR)
1220,Cargo,371195000,2020,12,Bosphorus (TR)
1221,Cargo,373086000,2020,12,Bosphorus (TR)
1222,Cargo,341648000,2020,12,Bosphorus (TR)
1223,Cargo,273334900,2020,12,Bosphorus (TR)
1224,Tanker,247064200,2020,12,Bosphorus (TR)
1225,Cargo,538003990,2020,12,Bosphorus (TR)
1226,Cargo,374552000,2020,12,Bosphorus (TR)
1227,Cargo,353272000,2020,12,Bosphorus (TR)
1228,Cargo,248426000,2020,12,Suez (EG)
1229,Cargo,477598800,2020,12,Suez (EG)
1230,Tanker,249971000,2020,12,Bosphorus (TR)
1231,Cargo,255805817,2020,12,Bosphorus (TR)
1232,Tanker,249462000,2020,12,Bosphorus (TR)
1233,Tanker,538002852,2020,12,Bosphorus (TR)
1234,Cargo,255806330,2020,12,Bosphorus (TR)
1235,Cargo,357677000,2020,12,Bosphorus (TR)
1236,Cargo,511011035,2020,12,Bosphorus (TR)
1237,Cargo,667001692,2020,12,Bosphorus (TR)
1238,Cargo,477096100,2020,12,Bosphorus (TR)
1239,Cargo,667021000,2020,12,Bosphorus (TR)
1240,Cargo,215044000,2020,12,Suez (EG)
1241,Tanker,636019212,2020,12,Bosphorus (TR)
1242,Cargo,677026300,2020,12,Suez (EG)
1243,Tanker,273380460,2020,12,Bosphorus (TR)
1244,Cargo,215587000,2020,12,Bosphorus (TR)
1245,Cargo,636012774,2020,12,Bosphorus (TR)
1246,Tanker,258802000,2020,12,Suez (EG)
1247,Cargo,248758000,2020,12,Suez (EG)
1248,Tanker,219511000,2020,12,Bosphorus (TR)
1249,Cargo,271000770,2020,12,Bosphorus (TR)
1250,Cargo,636014557,2020,12,Suez (EG)
1251,Cargo,369344000,2020,12,Suez (EG)
1252,Cargo,577469000,2020,12,Suez (EG)
1253,Cargo,370604000,2020,12,Suez (EG)
1254,Cargo,671811000,2020,12,Suez (EG)
1255,Tanker,371125000,2020,12,Bosphorus (TR)
1256,Cargo,309681000,2020,12,Bosphorus (TR)
1257,Cargo,215480000,2020,12,Bosphorus (TR)
1258,Cargo,273447120,2020,12,Bosphorus (TR)
1259,Tanker,240168000,2020,12,Suez (EG)
1260,Cargo,374499000,2020,12,Bosphorus (TR)
1261,Cargo,249618000,2020,12,Bosphorus (TR)
1262,Cargo,218427000,2020,12,Suez (EG)
1263,Cargo,273387100,2020,12,Bosphorus (TR)
1264,Tanker,356447000,2020,12,Suez (EG)
1265,Tanker,566030000,2020,12,Bosphorus (TR)
1266,Cargo,210684000,2020,12,Bosphorus (TR)
1267,Cargo,374356000,2020,12,Bosphorus (TR)
1268,Cargo,241273000,2020,12,Suez (EG)
1269,Tanker,518865000,2020,12,Bosphorus (TR)
1270,Cargo,218566000,2020,12,Suez (EG)
1271,Tanker,229880000,2020,12,Bosphorus (TR)
1272,Cargo,636017726,2020,12,Suez (EG)
1273,Tanker,205003000,2020,12,Suez (EG)
1274,Cargo,272292000,2020,12,Bosphorus (TR)
1275,Cargo,271044021,2020,12,Bosphorus (TR)
1276,Tanker,249050000,2020,12,Bosphorus (TR)
1277,Cargo,636016827,2020,12,Bosphorus (TR)
1278,Cargo,636016306,2020,12,Suez (EG)
1279,Cargo,248855000,2020,12,Bosphorus (TR)
1280,Cargo,373457000,2020,12,Suez (EG)
1281,Cargo,538005058,2020,12,Suez (EG)
1282,Tanker,636014505,2020,12,Bosphorus (TR)
1283,Cargo,353143000,2020,12,Bosphorus (TR)
1284,Cargo,518100167,2020,12,Bosphorus (TR)
1285,Cargo,210662000,2020,12,Bosphorus (TR)
1286,Cargo,305994000,2020,12,Bosphorus (TR)
1287,Cargo,636015818,2020,12,Bosphorus (TR)
1288,Cargo,214182775,2020,12,Bosphorus (TR)
1289,Tanker,257444000,2020,12,Bosphorus (TR)
1290,Tanker,248123000,2020,12,Bosphorus (TR)
1291,Cargo,566957000,2020,12,Suez (EG)
1292,Tanker,249266000,2020,12,Bosphorus (TR)
1293,Cargo,564728000,2020,12,Suez (EG)
1294,Cargo,538008997,2020,12,Bosphorus (TR)
1295,Cargo,271000609,2020,12,Bosphorus (TR)
1296,Tanker,636019062,2020,12,Suez (EG)
1297,Cargo,373574000,2020,12,Bosphorus (TR)
1298,Tanker,538004968,2020,12,Suez (EG)
1299,Cargo,215991000,2020,12,Bosphorus (TR)
1300,Cargo,353427000,2020,12,Bosphorus (TR)
1301,Tanker,219337000,2020,12,Bosphorus (TR)
1302,Tanker,241408000,2020,12,Bosphorus (TR)
1303,Cargo,351820000,2020,12,Bosphorus (TR)
1304,Tanker,271044658,2020,12,Bosphorus (TR)
1305,Tanker,215263000,2020,12,Bosphorus (TR)
1306,Cargo,636018185,2020,12,Bosphorus (TR)
1307,Cargo,636012771,2020,12,Bosphorus (TR)
1308,Cargo,374917000,2020,12,Bosphorus (TR)
1309,Tanker,538005405,2020,12,Bosphorus (TR)
1310,Tanker,538004992,2020,12,Bosphorus (TR)
1311,Cargo,374852000,2020,12,Bosphorus (TR)
1312,Cargo,311053500,2020,12,Bosphorus (TR)
1313,Cargo,212589000,2020,12,Suez (EG)
1314,Cargo,477902400,2020,12,Bosphorus (TR)
1315,Cargo,538003900,2020,12,Bosphorus (TR)
1316,Cargo,214182665,2020,12,Bosphorus (TR)
1317,Cargo,671278100,2020,12,Bosphorus (TR)
1318,Cargo,241602000,2020,12,Bosphorus (TR)
1319,Cargo,256840000,2020,12,Bosphorus (TR)
1320,Cargo,304200000,2020,12,Bosphorus (TR)
1321,Tanker,248148000,2020,12,Bosphorus (TR)
1322,Cargo,255806118,2020,12,Bosphorus (TR)
1323,Cargo,563004900,2020,12,Suez (EG)
1324,Cargo,477850400,2020,12,Suez (EG)
1325,Tanker,256440000,2020,12,Bosphorus (TR)
1326,Cargo,622121420,2020,12,Bosphorus (TR)
1327,Tanker,355643000,2020,12,Bosphorus (TR)
1328,Cargo,636017352,2020,12,Bosphorus (TR)
1329,Tanker,636011494,2020,12,Suez (EG)
1330,Cargo,636016604,2020,12,Suez (EG)
1331,Tanker,477850100,2020,12,Suez (EG)
1332,Cargo,355489000,2020,12,Bosphorus (TR)
1333,Cargo,205553000,2020,12,Suez (EG)
1334,Tanker,538006810,2020,12,Suez (EG)
1335,Cargo,273362290,2020,12,Suez (EG)
1336,Cargo,477312400,2020,12,Suez (EG)
1337,Cargo,538008413,2020,12,Suez (EG)
1338,Tanker,256020000,2020,12,Bosphorus (TR)
1339,Cargo,271002132,2020,12,Bosphorus (TR)
1340,Cargo,564522000,2020,12,Suez (EG)
1341,Cargo,677021400,2020,12,Bosphorus (TR)
1342,Cargo,636018326,2020,12,Bosphorus (TR)
1343,Cargo,351438000,2020,12,Bosphorus (TR)
1344,Cargo,271000195,2020,12,Bosphorus (TR)
1345,Cargo,356185000,2020,12,Bosphorus (TR)
1346,Tanker,273350270,2020,12,Bosphorus (TR)
1347,Cargo,273212820,2020,12,Bosphorus (TR)
1348,Cargo,273338300,2020,12,Bosphorus (TR)
1349,Cargo,219631000,2020,12,Suez (EG)
1350,Cargo,229940000,2020,12,Bosphorus (TR)
1351,Tanker,538008329,2020,12,Bosphorus (TR)
1352,Tanker,220480000,2020,12,Suez (EG)
1353,Tanker,636016968,2020,12,Suez (EG)
1354,Cargo,273427610,2020,12,Bosphorus (TR)
1355,Cargo,511100384,2020,12,Bosphorus (TR)
1356,Cargo,356185000,2020,12,Suez (EG)
1357,Cargo,354751000,2020,12,Suez (EG)
1358,Cargo,248431000,2020,12,Suez (EG)
1359,Tanker,273454720,2020,12,Bosphorus (TR)
1360,Cargo,244002000,2020,12,Bosphorus (TR)
1361,Cargo,636020350,2020,12,Suez (EG)
1362,Cargo,353135000,2020,12,Suez (EG)
1363,Cargo,370126000,2020,12,Bosphorus (TR)
1364,Cargo,215790000,2020,12,Suez (EG)
1365,Cargo,273339100,2020,12,Bosphorus (TR)
1366,Cargo,273434860,2020,12,Bosphorus (TR)
1367,Cargo,477699800,2020,12,Bosphorus (TR)
1368,Cargo,636020247,2020,12,Bosphorus (TR)
1369,Tanker,636019843,2020,12,Bosphorus (TR)
1370,Tanker,636012731,2020,12,Suez (EG)
1371,Tanker,566015000,2020,12,Bosphorus (TR)
1372,Cargo,218426000,2020,12,Suez (EG)
1373,Cargo,352269000,2020,12,Suez (EG)
1374,Cargo,215199000,2020,12,Suez (EG)
1375,Tanker,563020200,2020,12,Suez (EG)
1376,Cargo,235479000,2020,12,Suez (EG)
1377,Tanker,403591000,2020,12,Suez (EG)
1378,Cargo,229930000,2020,12,Suez (EG)
1379,Cargo,538007638,2020,12,Suez (EG)
1380,Tanker,249693000,2020,12,Suez (EG)
1381,Cargo,477698600,2020,12,Suez (EG)
1382,Tanker,256101000,2020,12,Bosphorus (TR)
1383,Cargo,232027403,2020,12,Suez (EG)
1384,Cargo,215173000,2020,12,Suez (EG)
1385,Tanker,273450240,2020,12,Bosphorus (TR)
1386,Cargo,273431620,2020,12,Bosphorus (TR)
1387,Cargo,636015990,2020,12,Bosphorus (TR)
1388,Cargo,636019326,2020,12,Bosphorus (TR)
1389,Cargo,677015500,2020,12,Bosphorus (TR)
1390,Cargo,357807000,2020,12,Bosphorus (TR)
1391,Cargo,374967000,2020,12,Bosphorus (TR)
1392,Cargo,271044965,2020,12,Bosphorus (TR)
1393,Cargo,271002353,2020,12,Bosphorus (TR)
1394,Cargo,207834460,2020,12,Bosphorus (TR)
1395,Cargo,477157800,2020,12,Suez (EG)
1396,Tanker,256992000,2020,12,Bosphorus (TR)
1397,Cargo,671208000,2020,12,Bosphorus (TR)
1398,Cargo,271002215,2020,12,Bosphorus (TR)
1399,Cargo,271002103,2020,12,Bosphorus (TR)
1400,Cargo,253683000,2020,12,Bosphorus (TR)
1401,Cargo,272059000,2020,12,Bosphorus (TR)
1402,Cargo,248630000,2020,12,Bosphorus (TR)
1403,Tanker,229388000,2020,12,Bosphorus (TR)
1404,Cargo,248598000,2020,12,Bosphorus (TR)
1405,Cargo,373882000,2020,12,Bosphorus (TR)
1406,Cargo,636016455,2020,12,Bosphorus (TR)
1407,Cargo,636016994,2020,12,Bosphorus (TR)
1408,Cargo,271000253,2020,12,Bosphorus (TR)
1409,Cargo,373551000,2020,12,Bosphorus (TR)
1410,Cargo,273351360,2020,12,Bosphorus (TR)
1411,Cargo,214181219,2020,12,Bosphorus (TR)
1412,Cargo,352027000,2020,12,Bosphorus (TR)
1413,Cargo,357463000,2020,12,Suez (EG)
1414,Tanker,311000903,2020,12,Suez (EG)
1415,Cargo,450501000,2020,12,Suez (EG)
1416,Cargo,671659000,2020,12,Suez (EG)
1417,Tanker,538008034,2020,12,Suez (EG)
1418,Cargo,244615929,2020,12,Bosphorus (TR)
1419,Cargo,273430720,2020,12,Bosphorus (TR)
1420,Cargo,563088400,2020,12,Bosphorus (TR)
1421,Cargo,273336670,2020,12,Bosphorus (TR)
1422,Tanker,636014352,2020,12,Bosphorus (TR)
1423,Cargo,352624000,2020,12,Bosphorus (TR)
1424,Tanker,273353450,2020,12,Bosphorus (TR)
1425,Cargo,256991000,2020,12,Bosphorus (TR)
1426,Cargo,563029200,2020,12,Bosphorus (TR)
1427,Cargo,667001240,2020,12,Bosphorus (TR)
1428,Tanker,271042974,2020,12,Bosphorus (TR)
1429,Cargo,271040635,2020,12,Bosphorus (TR)
1430,Cargo,273432620,2020,12,Bosphorus (TR)
1431,Cargo,214181113,2020,12,Bosphorus (TR)
1432,Cargo,636018681,2020,12,Bosphorus (TR)
1433,Cargo,214182784,2020,12,Bosphorus (TR)
1434,Cargo,374681000,2020,12,Bosphorus (TR)
1435,Cargo,374873000,2020,12,Bosphorus (TR)
1436,Tanker,273354450,2020,12,Bosphorus (TR)
1437,Tanker,538005244,2020,12,Bosphorus (TR)
1438,Cargo,636019495,2020,12,Bosphorus (TR)
1439,Cargo,371233000,2020,12,Suez (EG)
1440,Cargo,209817000,2020,12,Suez (EG)
1441,Cargo,352582000,2020,12,Suez (EG)
1442,Cargo,355185000,2020,12,Suez (EG)
1443,Cargo,577273000,2020,12,Bosphorus (TR)
1444,Cargo,229251000,2020,12,Bosphorus (TR)
1445,Tanker,538006975,2020,12,Suez (EG)
1446,Cargo,518791000,2020,12,Bosphorus (TR)
1447,Tanker,373259000,2020,12,Bosphorus (TR)
1448,Cargo,374029000,2020,12,Bosphorus (TR)
1449,Cargo,311453000,2020,12,Bosphorus (TR)
1450,Cargo,431223000,2020,12,Suez (EG)
1451,Cargo,636016374,2020,12,Bosphorus (TR)
1452,Cargo,374102000,2020,12,Suez (EG)
1453,Cargo,566796000,2020,12,Suez (EG)
1454,Cargo,538008954,2020,12,Bosphorus (TR)
1455,Cargo,256019000,2020,12,Bosphorus (TR)
1456,Cargo,255806223,2020,12,Bosphorus (TR)
1457,Cargo,538008217,2020,12,Suez (EG)
1458,Tanker,257525000,2020,12,Suez (EG)
1459,Cargo,477430600,2020,12,Suez (EG)
1460,Cargo,538004843,2020,12,Bosphorus (TR)
1461,Tanker,273437420,2020,12,Bosphorus (TR)
1462,Cargo,353505000,2020,12,Bosphorus (TR)
1463,Cargo,256908000,2020,12,Bosphorus (TR)
1464,Tanker,352907000,2020,12,Suez (EG)
1465,Cargo,311000607,2020,12,Bosphorus (TR)
1466,Cargo,273446370,2020,12,Bosphorus (TR)
1467,Cargo,371763000,2020,12,Bosphorus (TR)
1468,Cargo,339301080,2020,12,Bosphorus (TR)
1469,Cargo,538003908,2020,12,Bosphorus (TR)
1470,Cargo,671011000,2020,12,Bosphorus (TR)
1471,Tanker,215171000,2020,12,Bosphorus (TR)
1472,Cargo,215170000,2020,12,Bosphorus (TR)
1473,Cargo,357250000,2020,12,Bosphorus (TR)
1474,Cargo,273416080,2020,12,Bosphorus (TR)
1475,Cargo,355420000,2020,12,Bosphorus (TR)
1476,Cargo,538007583,2020,12,Bosphorus (TR)
1477,Cargo,518100093,2020,12,Bosphorus (TR)
1478,Cargo,677075400,2020,12,Bosphorus (TR)
1479,Cargo,241702000,2020,12,Suez (EG)
1480,Tanker,311013400,2020,12,Bosphorus (TR)
1481,Cargo,311001010,2020,12,Bosphorus (TR)
1482,Cargo,219018692,2020,12,Suez (EG)
1483,Cargo,241142000,2020,12,Bosphorus (TR)
1484,Cargo,538007618,2020,12,Bosphorus (TR)
1485,Tanker,538006976,2020,12,Suez (EG)
1486,Tanker,241619000,2020,12,Bosphorus (TR)
1487,Cargo,538008283,2020,12,Bosphorus (TR)
1488,Tanker,538006837,2020,12,Suez (EG)
1489,Tanker,538004983,2020,12,Suez (EG)
1490,Cargo,636018501,2020,12,Suez (EG)
1491,Cargo,357629000,2020,12,Suez (EG)
1492,Cargo,538008508,2020,12,Suez (EG)
1493,Tanker,247182500,2020,12,Bosphorus (TR)
1494,Tanker,247062400,2020,12,Bosphorus (TR)
1495,Cargo,538004296,2020,12,Bosphorus (TR)
1496,Cargo,255806259,2020,12,Bosphorus (TR)
1497,Cargo,620046000,2020,12,Bosphorus (TR)
1498,Cargo,613003603,2020,12,Bosphorus (TR)
1499,Tanker,273327420,2020,12,Bosphorus (TR)
1500,Cargo,311000894,2020,12,Suez (EG)
1501,Cargo,371177000,2020,12,Bosphorus (TR)
1502,Cargo,240569000,2020,12,Bosphorus (TR)
1503,Cargo,563039400,2020,12,Bosphorus (TR)
1504,Cargo,548986000,2020,12,Bosphorus (TR)
1505,Cargo,248243000,2020,12,Bosphorus (TR)
1506,Tanker,538008330,2020,12,Bosphorus (TR)
1507,Tanker,218533000,2020,12,Bosphorus (TR)
1508,Cargo,240858000,2020,12,Bosphorus (TR)
1509,Tanker,636019062,2020,12,Bosphorus (TR)
1510,Cargo,304046000,2020,12,Bosphorus (TR)
1511,Cargo,351770000,2020,12,Bosphorus (TR)
1512,Tanker,538007825,2020,12,Bosphorus (TR)
1513,Cargo,622121421,2020,12,Bosphorus (TR)
1514,Tanker,565186000,2020,12,Bosphorus (TR)
1515,Cargo,214182787,2020,12,Bosphorus (TR)
1516,Cargo,667001657,2020,12,Bosphorus (TR)
1517,Cargo,273215770,2020,12,Bosphorus (TR)
1518,Tanker,636018683,2020,12,Bosphorus (TR)
1519,Cargo,249558000,2020,12,Suez (EG)
1520,Cargo,376245000,2020,12,Bosphorus (TR)
1521,Cargo,212775000,2020,12,Suez (EG)
1522,Cargo,356865000,2020,12,Suez (EG)
1523,Cargo,538007549,2020,12,Bosphorus (TR)
1524,Cargo,548947000,2020,12,Bosphorus (TR)
1525,Cargo,271000930,2020,12,Bosphorus (TR)
1526,Cargo,538009126,2020,12,Bosphorus (TR)
1527,Tanker,636014501,2020,12,Bosphorus (TR)
1528,Cargo,271043190,2020,12,Bosphorus (TR)
1529,Cargo,511100114,2020,12,Bosphorus (TR)
1530,Cargo,518807000,2020,12,Bosphorus (TR)
1531,Cargo,370044000,2020,12,Bosphorus (TR)
1532,Cargo,228098700,2020,12,Suez (EG)
1533,Cargo,370516000,2020,12,Bosphorus (TR)
1534,Cargo,477105600,2020,12,Suez (EG)
1535,Cargo,636019851,2020,12,Suez (EG)
1536,Cargo,477636200,2020,12,Suez (EG)
1537,Cargo,622123202,2020,12,Suez (EG)
1538,Cargo,304726000,2020,12,Suez (EG)
1539,Cargo,273414540,2020,12,Suez (EG)
1540,Cargo,373004000,2020,12,Suez (EG)
1541,Cargo,565253000,2020,12,Suez (EG)
1542,Cargo,256885000,2020,12,Suez (EG)
1543,Tanker,310686000,2020,12,Suez (EG)
1544,Cargo,620579000,2020,12,Bosphorus (TR)
1545,Cargo,538008021,2020,12,Bosphorus (TR)
1546,Cargo,355717000,2020,12,Bosphorus (TR)
1547,Tanker,636014336,2020,12,Bosphorus (TR)
1548,Cargo,636020202,2020,12,Bosphorus (TR)
1549,Cargo,214182105,2020,12,Bosphorus (TR)
1550,Tanker,273384070,2020,12,Bosphorus (TR)
1551,Cargo,354135000,2020,12,Suez (EG)
1552,Cargo,214182624,2020,12,Bosphorus (TR)
1553,Cargo,355046000,2020,12,Bosphorus (TR)
1554,Cargo,636017314,2020,12,Bosphorus (TR)
1555,Cargo,377793000,2020,12,Bosphorus (TR)
1556,Tanker,538007666,2020,12,Suez (EG)
1557,Cargo,511302000,2020,12,Bosphorus (TR)
1558,Cargo,636018998,2020,12,Bosphorus (TR)
1559,Cargo,636019301,2020,12,Bosphorus (TR)
1560,Cargo,219028016,2020,12,Bosphorus (TR)
1561,Tanker,636017061,2020,12,Bosphorus (TR)
1562,Cargo,215044000,2020,12,Bosphorus (TR)
1563,Cargo,220417000,2020,12,Suez (EG)
1564,Cargo,477282900,2020,12,Suez (EG)
1565,Cargo,373735000,2020,12,Bosphorus (TR)
1566,Cargo,355534000,2020,12,Bosphorus (TR)
1567,Tanker,564225000,2020,12,Bosphorus (TR)
1568,Cargo,636020247,2020,12,Suez (EG)
1569,Cargo,538008901,2020,12,Bosphorus (TR)
1570,Tanker,538003122,2020,12,Bosphorus (TR)
1571,Cargo,249323000,2020,12,Bosphorus (TR)
1572,Cargo,477792400,2020,12,Suez (EG)
1573,Cargo,355129000,2020,12,Bosphorus (TR)
1574,Cargo,244850087,2020,12,Suez (EG)
1575,Tanker,636015584,2020,12,Bosphorus (TR)
1576,Cargo,374045000,2020,12,Bosphorus (TR)
1577,Tanker,538007361,2020,12,Suez (EG)
1578,Tanker,232006651,2020,12,Suez (EG)
1579,Cargo,357920000,2020,12,Bosphorus (TR)
1580,Cargo,636019119,2020,12,Bosphorus (TR)
1581,Cargo,374709000,2020,12,Bosphorus (TR)
1582,Cargo,228032900,2020,12,Suez (EG)
1583,Tanker,240959000,2020,12,Suez (EG)
1584,Cargo,229825000,2020,12,Bosphorus (TR)
1585,Tanker,538006934,2020,12,Suez (EG)
1586,Tanker,271044516,2020,12,Bosphorus (TR)
1587,Cargo,354692000,2020,12,Bosphorus (TR)
1588,Tanker,273339480,2020,12,Bosphorus (TR)
1589,Cargo,636018542,2020,12,Bosphorus (TR)
1590,Cargo,518697000,2020,12,Bosphorus (TR)
1591,Cargo,636019710,2020,12,Bosphorus (TR)
1592,Cargo,671700000,2020,12,Bosphorus (TR)
1593,Tanker,563481000,2020,12,Bosphorus (TR)
1594,Tanker,248123000,2020,12,Suez (EG)
1595,Tanker,273338920,2020,12,Bosphorus (TR)
1596,Cargo,518100103,2020,12,Bosphorus (TR)
1597,Tanker,219295000,2020,12,Bosphorus (TR)
1598,Cargo,314502000,2020,12,Bosphorus (TR)
1599,Cargo,271000732,2020,12,Bosphorus (TR)
1600,Cargo,272308000,2020,12,Bosphorus (TR)
1601,Cargo,511234000,2020,12,Bosphorus (TR)
1602,Cargo,374120000,2020,12,Bosphorus (TR)
1603,Tanker,563094100,2020,12,Bosphorus (TR)
1604,Tanker,636014902,2020,12,Bosphorus (TR)
1605,Cargo,273423690,2020,12,Bosphorus (TR)
1606,Cargo,249348000,2020,12,Bosphorus (TR)
1607,Tanker,563087300,2020,12,Bosphorus (TR)
1608,Tanker,538004119,2020,12,Bosphorus (TR)
1609,Cargo,370097000,2020,12,Bosphorus (TR)
1610,Cargo,355196000,2020,12,Suez (EG)
1611,Cargo,477792300,2020,12,Bosphorus (TR)
1612,Cargo,271000781,2020,12,Bosphorus (TR)
1613,Cargo,636014699,2020,12,Bosphorus (TR)
1614,Cargo,423035100,2020,12,Bosphorus (TR)
1615,Cargo,477792300,2020,12,Suez (EG)
1616,Cargo,311044200,2020,12,Suez (EG)
1617,Tanker,215924000,2020,12,Bosphorus (TR)
1618,Tanker,636019358,2020,12,Bosphorus (TR)
1619,Cargo,565259000,2020,12,Suez (EG)
1620,Cargo,351371000,2020,12,Bosphorus (TR)
1621,Cargo,477730100,2020,12,Suez (EG)
1622,Cargo,566409000,2020,12,Suez (EG)
1623,Cargo,566448000,2020,12,Suez (EG)
1624,Tanker,563082400,2020,12,Suez (EG)
1625,Cargo,375429000,2020,12,Suez (EG)
1626,Cargo,636019331,2020,12,Suez (EG)
1627,Cargo,624023000,2020,12,Suez (EG)
1628,Cargo,357772000,2020,12,Bosphorus (TR)
1629,Cargo,372676000,2020,12,Bosphorus (TR)
1630,Cargo,477098400,2020,12,Bosphorus (TR)
1631,Cargo,376117000,2020,12,Bosphorus (TR)
1632,Cargo,255806185,2020,12,Suez (EG)
1633,Cargo,518895000,2020,12,Bosphorus (TR)
1634,Cargo,215976000,2020,12,Bosphorus (TR)
1635,Cargo,477813200,2020,12,Bosphorus (TR)
1636,Cargo,214182788,2020,12,Bosphorus (TR)
1637,Cargo,371743000,2020,12,Bosphorus (TR)
1638,Cargo,511520000,2020,12,Bosphorus (TR)
1639,Cargo,374087000,2020,12,Bosphorus (TR)
1640,Tanker,273391340,2020,12,Bosphorus (TR)
1641,Cargo,273438710,2020,12,Bosphorus (TR)
1642,Cargo,636014915,2020,12,Bosphorus (TR)
1643,Cargo,636092940,2020,12,Bosphorus (TR)
1644,Tanker,229130000,2020,12,Suez (EG)
1645,Cargo,319653000,2020,12,Bosphorus (TR)
1646,Cargo,566881000,2020,12,Suez (EG)
1647,Tanker,538006441,2020,12,Suez (EG)
1648,Cargo,219861000,2020,12,Suez (EG)
1649,Cargo,353218000,2020,12,Bosphorus (TR)
1650,Cargo,372193000,2020,12,Bosphorus (TR)
1651,Cargo,636015201,2020,12,Suez (EG)
1652,Tanker,257444000,2020,12,Suez (EG)
1653,Cargo,244830782,2020,12,Bosphorus (TR)
1654,Cargo,214182421,2020,12,Bosphorus (TR)
1655,Cargo,667001583,2020,12,Bosphorus (TR)
1656,Tanker,219302000,2020,12,Suez (EG)
1657,Cargo,477250900,2020,12,Bosphorus (TR)
1658,Cargo,538003568,2020,12,Bosphorus (TR)
1659,Cargo,271000656,2020,12,Bosphorus (TR)
1660,Cargo,373795000,2020,12,Suez (EG)
1661,Tanker,271002162,2020,12,Bosphorus (TR)
1662,Tanker,372961000,2020,12,Bosphorus (TR)
1663,Cargo,354760000,2020,12,Suez (EG)
1664,Tanker,636016710,2020,12,Suez (EG)
1665,Tanker,255803540,2020,12,Bosphorus (TR)
1666,Cargo,538007259,2020,12,Suez (EG)
1667,Cargo,538008201,2020,12,Suez (EG)
1668,Cargo,538006458,2020,12,Bosphorus (TR)
1669,Cargo,219848000,2020,12,Bosphorus (TR)
1670,Cargo,255806318,2020,12,Bosphorus (TR)
1671,Cargo,255806241,2020,12,Bosphorus (TR)
1672,Cargo,477148800,2020,12,Suez (EG)
1673,Cargo,352057000,2020,12,Suez (EG)
1674,Cargo,273343220,2020,12,Bosphorus (TR)
1675,Tanker,248533000,2020,12,Bosphorus (TR)
1676,Cargo,620718000,2020,12,Suez (EG)
1677,Cargo,373231000,2020,12,Bosphorus (TR)
1678,Cargo,356288000,2020,12,Bosphorus (TR)
1679,Tanker,538002071,2020,12,Bosphorus (TR)
1680,Cargo,542457110,2020,12,Bosphorus (TR)
1681,Cargo,273315720,2020,12,Bosphorus (TR)
1682,Cargo,636017577,2020,12,Suez (EG)
1683,Cargo,209277000,2020,12,Bosphorus (TR)
1684,Tanker,249862000,2020,12,Suez (EG)
1685,Tanker,273358860,2020,12,Bosphorus (TR)
1686,Cargo,256624000,2020,12,Bosphorus (TR)
1687,Cargo,374488000,2020,12,Bosphorus (TR)
1688,Cargo,311128000,2020,12,Bosphorus (TR)
1689,Tanker,477269100,2020,12,Bosphorus (TR)
1690,Tanker,271047823,2020,12,Bosphorus (TR)
1691,Tanker,636015166,2020,12,Suez (EG)
1692,Tanker,311000448,2020,12,Bosphorus (TR)
1693,Cargo,373188000,2020,12,Suez (EG)
1694,Tanker,311000863,2020,12,Bosphorus (TR)
1695,Cargo,215195000,2020,12,Suez (EG)
1696,Cargo,374428000,2020,12,Bosphorus (TR)
1697,Tanker,273445480,2020,12,Bosphorus (TR)
1698,Cargo,538008494,2020,12,Suez (EG)
1699,Tanker,241468000,2020,12,Suez (EG)
1700,Tanker,215515000,2020,12,Bosphorus (TR)
1701,Cargo,477314200,2020,12,Suez (EG)
1702,Tanker,538007794,2020,12,Bosphorus (TR)
1703,Cargo,636015548,2020,12,Suez (EG)
1704,Cargo,351707000,2020,12,Bosphorus (TR)
1705,Cargo,563107500,2020,12,Suez (EG)
1706,Tanker,538002073,2020,12,Bosphorus (TR)
1707,Cargo,232012546,2020,12,Bosphorus (TR)
1708,Cargo,229387000,2020,12,Bosphorus (TR)
1709,Cargo,477035400,2020,12,Suez (EG)
1710,Tanker,248822000,2020,12,Bosphorus (TR)
1711,Cargo,353071000,2020,12,Bosphorus (TR)
1712,Cargo,538008088,2020,12,Bosphorus (TR)
1713,Cargo,271000829,2020,12,Bosphorus (TR)
1714,Tanker,538007184,2020,12,Bosphorus (TR)
1715,Tanker,215036000,2020,12,Bosphorus (TR)
1716,Tanker,214182784,2020,12,Bosphorus (TR)
1717,Cargo,538006815,2020,12,Bosphorus (TR)
1718,Tanker,258328000,2020,12,Bosphorus (TR)
1719,Cargo,538007604,2020,12,Bosphorus (TR)
1720,Cargo,353710000,2020,12,Suez (EG)
1721,Cargo,354754000,2020,12,Bosphorus (TR)
1722,Cargo,354462000,2020,12,Suez (EG)
1723,Cargo,214182702,2020,12,Bosphorus (TR)
1724,Cargo,538007422,2020,12,Suez (EG)
1725,Cargo,538007768,2020,12,Bosphorus (TR)
1726,Cargo,677054000,2020,12,Bosphorus (TR)
1727,Cargo,311043800,2020,12,Suez (EG)
1728,Tanker,636017776,2020,12,Bosphorus (TR)
1729,Tanker,258924000,2020,12,Suez (EG)
1730,Cargo,636020227,2020,12,Bosphorus (TR)
1731,Tanker,548767000,2020,12,Suez (EG)
1732,Cargo,413064000,2020,12,Suez (EG)
1733,Tanker,311000231,2020,12,Bosphorus (TR)
1734,Tanker,636015407,2020,12,Bosphorus (TR)
1735,Cargo,636092079,2020,12,Suez (EG)
1736,Cargo,271000269,2020,12,Bosphorus (TR)
1737,Cargo,671954000,2020,12,Bosphorus (TR)
1738,Cargo,538002652,2020,12,Bosphorus (TR)
1739,Cargo,477139100,2020,12,Suez (EG)
1740,Tanker,538003019,2020,12,Suez (EG)
1741,Cargo,372512000,2020,12,Suez (EG)
1742,Cargo,538008975,2020,12,Bosphorus (TR)
1743,Cargo,219036000,2020,12,Suez (EG)
1744,Cargo,352355000,2020,12,Bosphorus (TR)
1745,Cargo,354448000,2020,12,Bosphorus (TR)
1746,Cargo,671577000,2020,12,Bosphorus (TR)
1747,Tanker,256245000,2020,12,Suez (EG)
1748,Cargo,355481000,2020,12,Bosphorus (TR)
1749,Tanker,566502000,2020,12,Bosphorus (TR)
1750,Cargo,209605000,2020,12,Bosphorus (TR)
1751,Cargo,273453310,2020,12,Bosphorus (TR)
1752,Cargo,273316700,2020,12,Bosphorus (TR)
1753,Cargo,255805790,2020,12,Bosphorus (TR)
1754,Cargo,620050000,2020,12,Bosphorus (TR)
1755,Tanker,538007463,2020,12,Bosphorus (TR)
1756,Cargo,538006750,2020,12,Bosphorus (TR)
1757,Cargo,538008028,2020,12,Bosphorus (TR)
1758,Cargo,477552100,2020,12,Bosphorus (TR)
1759,Tanker,373015000,2020,12,Bosphorus (TR)
1760,Cargo,232012746,2020,12,Suez (EG)
1761,Cargo,215059000,2020,12,Bosphorus (TR)
1762,Cargo,372801000,2020,12,Bosphorus (TR)
1763,Tanker,247431400,2020,12,Bosphorus (TR)
1764,Cargo,214182424,2020,12,Bosphorus (TR)
1765,Cargo,620555000,2020,12,Bosphorus (TR)
1766,Tanker,215486000,2020,12,Bosphorus (TR)
1767,Tanker,232007939,2020,12,Suez (EG)
1768,Tanker,341341000,2020,12,Bosphorus (TR)
1769,Cargo,538007019,2020,12,Bosphorus (TR)
1770,Cargo,566523000,2020,12,Bosphorus (TR)
1771,Cargo,636019674,2020,12,Bosphorus (TR)
1772,Cargo,620798000,2020,12,Bosphorus (TR)
1773,Tanker,240821000,2020,12,Suez (EG)
1774,Tanker,248964000,2020,12,Bosphorus (TR)
1775,Cargo,613003575,2020,12,Bosphorus (TR)
1776,Cargo,671346000,2020,12,Bosphorus (TR)
1777,Cargo,248195000,2020,12,Suez (EG)
1778,Cargo,371619000,2020,12,Suez (EG)
1779,Cargo,414043000,2020,12,Suez (EG)
1780,Tanker,241199000,2020,12,Suez (EG)
1781,Cargo,219620000,2020,12,Suez (EG)
1782,Cargo,565778000,2020,12,Bosphorus (TR)
1783,Cargo,636017314,2020,12,Suez (EG)
1784,Cargo,374602000,2020,12,Suez (EG)
1785,Cargo,229626000,2020,12,Suez (EG)
1786,Cargo,636017942,2020,12,Suez (EG)
1787,Cargo,271001092,2020,12,Bosphorus (TR)
1788,Tanker,538003913,2020,12,Bosphorus (TR)
1789,Cargo,355770000,2020,12,Bosphorus (TR)
1790,Cargo,636013322,2020,12,Bosphorus (TR)
1791,Tanker,273355270,2020,12,Bosphorus (TR)
1792,Cargo,538006248,2020,12,Bosphorus (TR)
1793,Tanker,636020262,2020,12,Bosphorus (TR)
1794,Cargo,620558000,2020,12,Bosphorus (TR)
1795,Cargo,373009000,2020,12,Bosphorus (TR)
1796,Cargo,538006602,2020,12,Bosphorus (TR)
1797,Cargo,667001720,2020,12,Bosphorus (TR)
1798,Cargo,229939000,2020,12,Bosphorus (TR)
1799,Cargo,372091000,2020,12,Bosphorus (TR)
1800,Cargo,620363000,2020,12,Bosphorus (TR)
1801,Cargo,305514000,2020,12,Bosphorus (TR)
1802,Tanker,636014250,2020,12,Bosphorus (TR)
1803,Cargo,374331000,2020,12,Bosphorus (TR)
1804,Cargo,563533000,2020,12,Bosphorus (TR)
1805,Tanker,229546000,2020,12,Bosphorus (TR)
1806,Cargo,357401000,2020,12,Bosphorus (TR)
1807,Cargo,271000056,2020,12,Bosphorus (TR)
1808,Cargo,256891000,2020,12,Bosphorus (TR)
1809,Cargo,305758000,2020,12,Bosphorus (TR)
1810,Tanker,273342100,2020,12,Bosphorus (TR)
1811,Cargo,373404000,2020,12,Suez (EG)
1812,Cargo,273355260,2020,12,Bosphorus (TR)
1813,Cargo,373096000,2020,12,Suez (EG)
1814,Tanker,247758000,2020,12,Bosphorus (TR)
1815,Cargo,271000973,2020,12,Bosphorus (TR)
1816,Cargo,212934000,2020,12,Bosphorus (TR)
1817,Cargo,354127000,2020,12,Bosphorus (TR)
1818,Cargo,563042200,2020,12,Suez (EG)
1819,Tanker,355516000,2020,12,Bosphorus (TR)
1820,Cargo,248985000,2020,12,Bosphorus (TR)
1821,Tanker,622121213,2020,12,Suez (EG)
1822,Cargo,538009052,2020,12,Suez (EG)
1823,Tanker,257665000,2020,12,Bosphorus (TR)
1824,Cargo,247182200,2020,12,Bosphorus (TR)
1825,Cargo,311000321,2020,12,Suez (EG)
1826,Cargo,207124000,2020,12,Bosphorus (TR)
1827,Cargo,356280000,2020,12,Bosphorus (TR)
1828,Cargo,636092828,2020,12,Bosphorus (TR)
1829,Cargo,249972000,2020,12,Bosphorus (TR)
1830,Cargo,636017516,2020,12,Suez (EG)
1831,Cargo,271002180,2020,12,Bosphorus (TR)
1832,Cargo,371024000,2020,12,Bosphorus (TR)
1833,Tanker,636014311,2020,12,Bosphorus (TR)
1834,Cargo,311042400,2020,12,Bosphorus (TR)
1835,Cargo,477620100,2020,12,Bosphorus (TR)
1836,Tanker,477542400,2020,12,Bosphorus (TR)
1837,Cargo,373550000,2020,12,Bosphorus (TR)
1838,Cargo,563020400,2020,12,Suez (EG)
1839,Tanker,273314050,2020,12,Bosphorus (TR)
1840,Cargo,376064000,2020,12,Bosphorus (TR)
1841,Tanker,273358450,2020,12,Bosphorus (TR)
1842,Cargo,271043513,2020,12,Bosphorus (TR)
1843,Cargo,636014381,2020,12,Bosphorus (TR)
1844,Cargo,667001549,2020,12,Bosphorus (TR)
1845,Cargo,518893000,2020,12,Bosphorus (TR)
1846,Cargo,413471960,2020,12,Bosphorus (TR)
1847,Tanker,215743000,2020,12,Bosphorus (TR)
1848,Cargo,371619000,2020,12,Bosphorus (TR)
1849,Cargo,538007149,2020,12,Bosphorus (TR)
1850,Cargo,477166200,2020,12,Bosphorus (TR)
1851,Cargo,248406000,2020,12,Bosphorus (TR)
1852,Tanker,538006979,2020,12,Suez (EG)
1853,Cargo,636018524,2020,12,Bosphorus (TR)
1854,Cargo,538007004,2020,12,Bosphorus (TR)
1855,Cargo,667005082,2020,12,Bosphorus (TR)
1856,Cargo,248306000,2020,12,Bosphorus (TR)
1857,Cargo,477001100,2020,12,Suez (EG)
1858,Cargo,354977000,2020,12,Suez (EG)
1859,Tanker,538008500,2020,12,Suez (EG)
1860,Cargo,538005842,2020,12,Suez (EG)
1861,Cargo,372968000,2020,12,Bosphorus (TR)
1862,Cargo,311000459,2020,12,Suez (EG)
1863,Cargo,477147600,2020,12,Suez (EG)
1864,Tanker,636017792,2020,12,Suez (EG)
1865,Cargo,636018657,2020,12,Suez (EG)
1866,Cargo,538008925,2020,12,Suez (EG)
1867,Cargo,273415410,2020,12,Bosphorus (TR)
1868,Cargo,253666000,2020,12,Bosphorus (TR)
1869,Tanker,636017417,2020,12,Suez (EG)
1870,Cargo,209182000,2020,12,Bosphorus (TR)
1871,Cargo,305903000,2020,12,Bosphorus (TR)
1872,Tanker,209240000,2020,12,Bosphorus (TR)
1873,Tanker,247326000,2020,12,Bosphorus (TR)
1874,Cargo,667001778,2020,12,Bosphorus (TR)
1875,Cargo,271002359,2020,12,Bosphorus (TR)
1876,Cargo,244030000,2020,12,Bosphorus (TR)
1877,Cargo,245017000,2020,12,Bosphorus (TR)
1878,Tanker,238233000,2020,12,Bosphorus (TR)
1879,Cargo,311055500,2020,12,Bosphorus (TR)
1880,Cargo,273343800,2020,12,Bosphorus (TR)
1881,Cargo,351630000,2020,12,Bosphorus (TR)
1882,Cargo,374523000,2020,12,Bosphorus (TR)
1883,Cargo,273389360,2020,12,Bosphorus (TR)
1884,Cargo,636016427,2020,12,Bosphorus (TR)
1885,Tanker,636014310,2020,12,Suez (EG)
1886,Cargo,357992000,2020,12,Suez (EG)
1887,Tanker,241574000,2020,12,Bosphorus (TR)
1888,Cargo,273337300,2020,12,Bosphorus (TR)
1889,Tanker,351259000,2020,12,Bosphorus (TR)
1890,Cargo,357565000,2020,12,Bosphorus (TR)
1891,Cargo,677098000,2020,12,Suez (EG)
1892,Cargo,220291000,2020,12,Bosphorus (TR)
1893,Cargo,249393000,2020,12,Bosphorus (TR)
1894,Cargo,271002096,2020,12,Bosphorus (TR)
1895,Tanker,247431400,2020,12,Suez (EG)
1896,Cargo,636020194,2020,12,Bosphorus (TR)
1897,Cargo,538006886,2020,12,Suez (EG)
1898,Cargo,636018703,2020,12,Suez (EG)
1899,Cargo,538009126,2020,12,Suez (EG)
1900,Cargo,370236000,2020,12,Bosphorus (TR)
1901,Tanker,215110000,2020,12,Bosphorus (TR)
1902,Cargo,620480000,2020,12,Bosphorus (TR)
1903,Tanker,374851000,2020,12,Bosphorus (TR)
1904,Cargo,538007422,2020,12,Bosphorus (TR)
1905,Tanker,215681000,2020,12,Bosphorus (TR)
1906,Cargo,671853000,2020,12,Bosphorus (TR)
1907,Tanker,229339000,2020,12,Bosphorus (TR)
1908,Cargo,355994000,2020,12,Bosphorus (TR)
1909,Cargo,677041700,2020,12,Bosphorus (TR)
1910,Cargo,219947000,2020,12,Bosphorus (TR)
1911,Cargo,620088000,2020,12,Bosphorus (TR)
1912,Cargo,373276000,2020,12,Bosphorus (TR)
1913,Cargo,311047500,2020,12,Bosphorus (TR)
1914,Cargo,352102000,2020,12,Bosphorus (TR)
1915,Tanker,273414840,2020,12,Bosphorus (TR)
1916,Cargo,538008402,2020,12,Bosphorus (TR)
1917,Cargo,373769000,2020,12,Bosphorus (TR)
1918,Cargo,373907000,2020,12,Bosphorus (TR)
1919,Cargo,636019086,2020,12,Suez (EG)
1920,Cargo,538003253,2020,12,Bosphorus (TR)
1921,Cargo,357500000,2020,12,Bosphorus (TR)
1922,Tanker,273351180,2020,12,Bosphorus (TR)
1923,Cargo,667001771,2020,12,Bosphorus (TR)
1924,Cargo,357770000,2020,12,Suez (EG)
1925,Tanker,636015415,2020,12,Bosphorus (TR)
1926,Cargo,305757000,2020,12,Bosphorus (TR)
1927,Cargo,538007314,2020,12,Bosphorus (TR)
1928,Cargo,357986000,2020,12,Bosphorus (TR)
1929,Cargo,314530000,2020,12,Bosphorus (TR)
1930,Tanker,538007127,2020,12,Bosphorus (TR)
1931,Tanker,422245119,2020,12,Suez (EG)
1932,Cargo,273417450,2020,12,Bosphorus (TR)
1933,Cargo,354129000,2020,12,Bosphorus (TR)
1934,Tanker,240942000,2020,12,Bosphorus (TR)
1935,Tanker,538003501,2020,12,Suez (EG)
1936,Cargo,304785000,2020,12,Bosphorus (TR)
1937,Tanker,273452590,2020,12,Bosphorus (TR)
1938,Cargo,538090551,2020,12,Bosphorus (TR)
1939,Cargo,214181025,2020,12,Bosphorus (TR)
1940,Cargo,538006601,2020,12,Suez (EG)
1941,Tanker,538005632,2020,12,Suez (EG)
1942,Cargo,229265000,2020,12,Suez (EG)
1943,Cargo,229927000,2020,12,Suez (EG)
1944,Cargo,538004541,2020,12,Suez (EG)
1945,Cargo,636013190,2020,12,Bosphorus (TR)
1946,Tanker,538006544,2020,12,Suez (EG)
1947,Cargo,636017716,2020,12,Suez (EG)
1948,Tanker,538003072,2020,12,Suez (EG)
1949,Cargo,256910000,2020,12,Bosphorus (TR)
1950,Cargo,636018216,2020,12,Suez (EG)
1951,Tanker,247391300,2020,12,Bosphorus (TR)
1952,Cargo,373668000,2020,12,Bosphorus (TR)
1953,Cargo,312616000,2020,12,Bosphorus (TR)
1954,Cargo,605086080,2020,12,Suez (EG)
1955,Cargo,249517000,2020,12,Bosphorus (TR)
1956,Cargo,636019326,2020,12,Suez (EG)
1957,Cargo,273334560,2020,12,Bosphorus (TR)
1958,Cargo,256183000,2020,12,Bosphorus (TR)
1959,Cargo,538005058,2020,12,Bosphorus (TR)
1960,Cargo,273314150,2020,12,Bosphorus (TR)
1961,Tanker,248688000,2020,12,Bosphorus (TR)
1962,Cargo,319058000,2020,12,Suez (EG)
1963,Tanker,235076282,2020,12,Bosphorus (TR)
1964,Cargo,241641000,2020,12,Suez (EG)
1965,Cargo,356620000,2020,12,Bosphorus (TR)
1966,Tanker,538008581,2020,12,Bosphorus (TR)
1967,Cargo,371827000,2020,12,Bosphorus (TR)
1968,Tanker,248372000,2020,12,Bosphorus (TR)
1969,Cargo,210982000,2020,12,Suez (EG)
1970,Cargo,271000910,2020,12,Bosphorus (TR)
1971,Cargo,353802000,2020,12,Bosphorus (TR)
1972,Cargo,355896000,2020,12,Suez (EG)
1973,Cargo,219080000,2020,12,Bosphorus (TR)
1974,Cargo,273458830,2020,12,Bosphorus (TR)
1975,Cargo,314478000,2020,12,Bosphorus (TR)
1976,Cargo,620145000,2020,12,Bosphorus (TR)
1977,Cargo,352240000,2020,12,Bosphorus (TR)
1978,Tanker,563077600,2020,12,Suez (EG)
1979,Tanker,256647000,2020,12,Suez (EG)
1980,Cargo,518100289,2020,12,Bosphorus (TR)
1981,Cargo,577457000,2020,12,Bosphorus (TR)
1982,Cargo,538002850,2020,12,Suez (EG)
1983,Cargo,477100300,2020,12,Suez (EG)
1984,Cargo,273431840,2020,12,Bosphorus (TR)
1985,Cargo,273395390,2020,12,Bosphorus (TR)
1986,Cargo,256824000,2020,12,Bosphorus (TR)
1987,Cargo,215237000,2020,12,Suez (EG)
1988,Cargo,271043725,2020,12,Bosphorus (TR)
1989,Cargo,271000050,2020,12,Bosphorus (TR)
1990,Tanker,538006038,2020,12,Bosphorus (TR)
1991,Cargo,636019547,2020,12,Bosphorus (TR)
1992,Cargo,273214370,2020,12,Bosphorus (TR)
1993,Cargo,271043540,2020,12,Bosphorus (TR)
1994,Tanker,226019000,2020,12,Bosphorus (TR)
1995,Cargo,354391000,2020,12,Bosphorus (TR)
1996,Cargo,256681000,2020,12,Bosphorus (TR)
1997,Cargo,272793000,2020,12,Bosphorus (TR)
1998,Cargo,248961000,2020,12,Bosphorus (TR)
1999,Cargo,271000854,2020,12,Bosphorus (TR)
2000,Tanker,372493000,2020,12,Bosphorus (TR)
2001,Tanker,257145000,2020,12,Suez (EG)
2002,Cargo,538009064,2020,12,Bosphorus (TR)
2003,Cargo,636017782,2020,12,Bosphorus (TR)
2004,Tanker,219270000,2020,12,Bosphorus (TR)
2005,Cargo,374035000,2020,12,Bosphorus (TR)
2006,Tanker,310510000,2020,12,Suez (EG)
2007,Cargo,636019286,2020,12,Bosphorus (TR)
2008,Cargo,477096100,2020,12,Suez (EG)
2009,Cargo,205790000,2020,12,Suez (EG)
2010,Cargo,566448000,2020,12,Bosphorus (TR)
2011,Cargo,214182736,2020,12,Bosphorus (TR)
2012,Cargo,212287000,2020,12,Suez (EG)
2013,Cargo,563000500,2020,12,Suez (EG)
2014,Tanker,538005513,2020,12,Suez (EG)
2015,Cargo,370189000,2020,12,Suez (EG)
2016,Cargo,273316640,2020,12,Bosphorus (TR)
2017,Cargo,477686200,2020,12,Bosphorus (TR)
2018,Tanker,563089400,2020,12,Suez (EG)
2019,Cargo,538004090,2020,12,Bosphorus (TR)
2020,Cargo,215417000,2020,12,Bosphorus (TR)
2021,Cargo,256049000,2020,12,Bosphorus (TR)
2022,Cargo,370424000,2020,12,Bosphorus (TR)
2023,Cargo,247292200,2020,12,Bosphorus (TR)
2024,Cargo,636019744,2020,12,Bosphorus (TR)
2025,Cargo,667001290,2020,12,Bosphorus (TR)
2026,Cargo,577298000,2020,12,Bosphorus (TR)
2027,Cargo,372920000,2020,12,Bosphorus (TR)
2028,Cargo,214182412,2020,12,Bosphorus (TR)
2029,Tanker,249332000,2020,12,Bosphorus (TR)
2030,Tanker,247382400,2020,12,Bosphorus (TR)
2031,Cargo,271001058,2020,12,Bosphorus (TR)
2032,Cargo,273447370,2020,12,Bosphorus (TR)
2033,Tanker,563034600,2020,12,Suez (EG)
2034,Cargo,273315430,2020,12,Bosphorus (TR)
2035,Cargo,538005146,2020,12,Bosphorus (TR)
2036,Cargo,667001460,2020,12,Bosphorus (TR)
2037,Cargo,511100217,2020,12,Bosphorus (TR)
2038,Cargo,256062000,2020,12,Bosphorus (TR)
2039,Cargo,211382280,2020,12,Suez (EG)
2040,Cargo,538006174,2020,12,Bosphorus (TR)
2041,Cargo,354879000,2020,12,Bosphorus (TR)
2042,Tanker,215993000,2020,12,Bosphorus (TR)
2043,Tanker,309401000,2020,12,Bosphorus (TR)
2044,Cargo,357652000,2020,12,Bosphorus (TR)
2045,Cargo,312567000,2020,12,Bosphorus (TR)
2046,Cargo,311000104,2020,12,Suez (EG)
2047,Cargo,567438000,2020,12,Bosphorus (TR)
2048,Cargo,273339400,2020,12,Bosphorus (TR)
2049,Cargo,229265000,2020,12,Bosphorus (TR)
2050,Cargo,636017492,2020,12,Bosphorus (TR)
2051,Tanker,311923000,2020,12,Bosphorus (TR)
2052,Cargo,677072400,2020,12,Bosphorus (TR)
2053,Cargo,352879000,2020,12,Suez (EG)
2054,Tanker,563760000,2020,12,Suez (EG)
2055,Tanker,248371000,2020,12,Suez (EG)
2056,Cargo,273215580,2020,12,Bosphorus (TR)
2057,Tanker,257447000,2020,12,Bosphorus (TR)
2058,Cargo,671978000,2020,12,Bosphorus (TR)
2059,Cargo,229978000,2020,12,Bosphorus (TR)
2060,Cargo,620229000,2020,12,Bosphorus (TR)
2061,Cargo,620282000,2020,12,Bosphorus (TR)
2062,Cargo,636019245,2020,12,Bosphorus (TR)
2063,Cargo,477552900,2020,12,Bosphorus (TR)
2064,Cargo,574004470,2020,12,Suez (EG)
2065,Cargo,351193000,2020,12,Bosphorus (TR)
2066,Cargo,667001713,2020,12,Bosphorus (TR)
2067,Cargo,538008023,2020,12,Bosphorus (TR)
2068,Cargo,566880000,2020,12,Suez (EG)
2069,Tanker,538006771,2020,12,Bosphorus (TR)
2070,Cargo,351222000,2020,12,Bosphorus (TR)
2071,Tanker,247226900,2020,12,Bosphorus (TR)
2072,Cargo,622121409,2020,12,Bosphorus (TR)
2073,Cargo,374780000,2020,12,Suez (EG)
2074,Cargo,271000874,2020,12,Bosphorus (TR)
2075,Cargo,671277100,2020,12,Bosphorus (TR)
2076,Cargo,671909000,2020,12,Bosphorus (TR)
2077,Cargo,371702000,2020,12,Bosphorus (TR)
2078,Cargo,214182653,2020,12,Bosphorus (TR)
2079,Cargo,245947000,2020,12,Bosphorus (TR)
2080,Tanker,273355480,2020,12,Bosphorus (TR)
2081,Tanker,636012731,2020,12,Bosphorus (TR)
2082,Cargo,636018247,2020,12,Suez (EG)
2083,Cargo,613003610,2020,12,Bosphorus (TR)
2084,Cargo,477327500,2020,12,Suez (EG)
2085,Cargo,355024000,2020,12,Suez (EG)
2086,Cargo,355488000,2020,12,Suez (EG)
2087,Tanker,240633000,2020,12,Suez (EG)
2088,Cargo,636016321,2020,12,Suez (EG)
2089,Cargo,636020207,2020,12,Suez (EG)
2090,Tanker,538006978,2020,12,Suez (EG)
2091,Cargo,636092229,2020,12,Bosphorus (TR)
2092,Cargo,219629000,2020,12,Suez (EG)
2093,Cargo,374031000,2020,12,Bosphorus (TR)
2094,Tanker,538002835,2020,12,Bosphorus (TR)
2095,Cargo,667001896,2020,12,Bosphorus (TR)
2096,Cargo,271046628,2020,12,Bosphorus (TR)
2097,Tanker,215510000,2020,12,Bosphorus (TR)
2098,Tanker,538006611,2020,12,Bosphorus (TR)
2099,Tanker,311000534,2020,12,Bosphorus (TR)
2100,Cargo,373406000,2020,12,Bosphorus (TR)
2101,Tanker,636018762,2020,12,Suez (EG)
2102,Tanker,538008034,2020,12,Bosphorus (TR)
2103,Cargo,312086000,2020,12,Bosphorus (TR)
2104,Cargo,271000647,2020,12,Bosphorus (TR)
2105,Cargo,477325600,2020,12,Bosphorus (TR)
2106,Tanker,538005144,2020,12,Bosphorus (TR)
2107,Tanker,240042000,2020,12,Bosphorus (TR)
2108,Cargo,671126100,2020,12,Bosphorus (TR)
2109,Cargo,538004502,2020,12,Bosphorus (TR)
2110,Tanker,219280000,2020,12,Bosphorus (TR)
2111,Cargo,255805892,2020,12,Bosphorus (TR)
2112,Cargo,273219170,2020,12,Bosphorus (TR)
2113,Cargo,477711600,2020,12,Bosphorus (TR)
2114,Tanker,232006301,2020,12,Suez (EG)
2115,Tanker,636015581,2020,12,Suez (EG)
2116,Cargo,371147000,2020,12,Suez (EG)
2117,Cargo,636020354,2020,12,Bosphorus (TR)
2118,Tanker,240657000,2020,12,Bosphorus (TR)
2119,Tanker,538005860,2020,12,Bosphorus (TR)
2120,Cargo,273340850,2020,12,Bosphorus (TR)
2121,Cargo,620679000,2020,12,Bosphorus (TR)
2122,Tanker,538005511,2020,12,Suez (EG)
2123,Cargo,620010000,2020,12,Bosphorus (TR)
2124,Cargo,214182683,2020,12,Bosphorus (TR)
2125,Cargo,312175000,2020,12,Bosphorus (TR)
2126,Tanker,636016695,2020,12,Suez (EG)
2127,Tanker,219027837,2020,12,Bosphorus (TR)
2128,Cargo,256823000,2020,12,Bosphorus (TR)
2129,Tanker,273393560,2020,12,Bosphorus (TR)
2130,Cargo,477269300,2020,12,Suez (EG)
2131,Tanker,636012814,2020,12,Bosphorus (TR)
2132,Tanker,548972000,2020,12,Suez (EG)
2133,Tanker,311000393,2020,12,Suez (EG)
2134,Cargo,622121414,2020,12,Suez (EG)
2135,Cargo,373400000,2020,12,Bosphorus (TR)
2136,Cargo,538005368,2020,12,Bosphorus (TR)
2137,Cargo,248195000,2020,12,Bosphorus (TR)
2138,Cargo,636020349,2020,12,Suez (EG)
2139,Cargo,354839000,2020,12,Suez (EG)
2140,Cargo,338217000,2020,12,Suez (EG)
2141,Cargo,249883000,2020,12,Suez (EG)
2142,Cargo,636017855,2020,12,Suez (EG)
2143,Cargo,636092804,2020,12,Suez (EG)
2144,Cargo,577271000,2020,12,Bosphorus (TR)
2145,Cargo,636016706,2020,12,Bosphorus (TR)
2146,Cargo,341823000,2020,12,Bosphorus (TR)
2147,Cargo,273389870,2020,12,Bosphorus (TR)
2148,Cargo,255805845,2020,12,Bosphorus (TR)
2149,Cargo,622121422,2020,12,Bosphorus (TR)
2150,Cargo,374332000,2020,12,Bosphorus (TR)
2151,Cargo,450559000,2020,12,Bosphorus (TR)
2152,Tanker,636017134,2020,12,Bosphorus (TR)
2153,Cargo,262008000,2020,12,Bosphorus (TR)
2154,Cargo,538007557,2020,12,Suez (EG)
2155,Tanker,566481000,2020,12,Suez (EG)
2156,Cargo,304352000,2020,12,Bosphorus (TR)
2157,Cargo,374312000,2020,12,Bosphorus (TR)
2158,Cargo,271046117,2020,12,Bosphorus (TR)
2159,Tanker,258645000,2020,12,Suez (EG)
2160,Cargo,518100278,2020,12,Bosphorus (TR)
2161,Cargo,636019286,2020,12,Suez (EG)
2162,Cargo,355534000,2020,12,Suez (EG)
2163,Cargo,220206000,2020,12,Suez (EG)
2164,Tanker,210712000,2020,12,Bosphorus (TR)
2165,Cargo,538005470,2020,12,Suez (EG)
2166,Tanker,215276000,2020,12,Suez (EG)
2167,Tanker,538003911,2020,12,Bosphorus (TR)
2168,Tanker,538007399,2020,12,Bosphorus (TR)
2169,Cargo,563059200,2020,12,Suez (EG)
2170,Cargo,538002050,2020,12,Bosphorus (TR)
2171,Tanker,636091121,2020,12,Bosphorus (TR)
2172,Cargo,305263000,2020,12,Bosphorus (TR)
2173,Cargo,352384000,2020,12,Bosphorus (TR)
2174,Cargo,341400000,2020,12,Bosphorus (TR)
2175,Cargo,265012000,2020,12,Suez (EG)
2176,Cargo,577363000,2020,12,Bosphorus (TR)
2177,Cargo,636020349,2020,12,Bosphorus (TR)
2178,Tanker,636019297,2020,12,Bosphorus (TR)
2179,Tanker,273355910,2020,12,Bosphorus (TR)
2180,Cargo,565661000,2020,12,Suez (EG)
2181,Cargo,256300000,2020,12,Suez (EG)
2182,Cargo,636017582,2020,12,Bosphorus (TR)
2183,Tanker,249747000,2020,12,Bosphorus (TR)
2184,Cargo,477057100,2020,12,Suez (EG)
2185,Cargo,636018869,2020,12,Suez (EG)
2186,Cargo,624022000,2020,12,Bosphorus (TR)
2187,Cargo,563757000,2020,12,Suez (EG)
2188,Cargo,334991000,2020,12,Bosphorus (TR)
2189,Cargo,248864000,2020,12,Bosphorus (TR)
2190,Cargo,351246000,2020,12,Suez (EG)
2191,Cargo,374309000,2020,12,Bosphorus (TR)
2192,Tanker,229037000,2020,12,Bosphorus (TR)
2193,Cargo,373185000,2020,12,Bosphorus (TR)
2194,Cargo,338446000,2020,12,Bosphorus (TR)
2195,Cargo,357207000,2020,12,Bosphorus (TR)
2196,Tanker,271043544,2020,12,Bosphorus (TR)
2197,Cargo,636018331,2020,12,Bosphorus (TR)
2198,Cargo,271043840,2020,12,Bosphorus (TR)
2199,Cargo,314476000,2020,12,Bosphorus (TR)
2200,Cargo,273450690,2020,12,Bosphorus (TR)
2201,Cargo,273449370,2020,12,Bosphorus (TR)
2202,Cargo,440889000,2020,12,Bosphorus (TR)
2203,Cargo,370040000,2020,12,Bosphorus (TR)
2204,Cargo,271044022,2020,12,Bosphorus (TR)
2205,Cargo,214182770,2020,12,Bosphorus (TR)
2206,Tanker,271044017,2020,12,Bosphorus (TR)
2207,Cargo,273356850,2020,12,Bosphorus (TR)
2208,Cargo,371972000,2020,12,Bosphorus (TR)
2209,Cargo,616884000,2020,12,Bosphorus (TR)
2210,Cargo,256668000,2020,12,Bosphorus (TR)
2211,Cargo,372723000,2020,12,Suez (EG)
2212,Tanker,215474000,2020,12,Bosphorus (TR)
2213,Cargo,356335000,2020,12,Bosphorus (TR)
2214,Cargo,636019563,2020,12,Suez (EG)
2215,Cargo,255805905,2020,12,Bosphorus (TR)
2216,Cargo,271000267,2020,12,Bosphorus (TR)
2217,Cargo,538006870,2020,12,Suez (EG)
2218,Cargo,667001917,2020,12,Bosphorus (TR)
2219,Cargo,622121410,2020,12,Bosphorus (TR)
2220,Cargo,477392700,2020,12,Bosphorus (TR)
2221,Cargo,373102000,2020,12,Suez (EG)
2222,Tanker,257330000,2020,12,Suez (EG)
2223,Tanker,355797000,2020,12,Bosphorus (TR)
2224,Tanker,477850100,2020,12,Bosphorus (TR)
2225,Cargo,353023000,2020,12,Bosphorus (TR)
2226,Tanker,256076000,2020,12,Bosphorus (TR)
2227,Cargo,677073600,2020,12,Bosphorus (TR)
2228,Cargo,248778000,2020,12,Bosphorus (TR)
2229,Tanker,257112270,2020,12,Suez (EG)
2230,Cargo,538008997,2020,12,Suez (EG)
2231,Cargo,214182605,2020,12,Bosphorus (TR)
2232,Cargo,271044348,2020,12,Bosphorus (TR)
2233,Cargo,214182731,2020,12,Bosphorus (TR)
2234,Cargo,667001716,2020,12,Bosphorus (TR)
2235,Cargo,477040800,2020,12,Suez (EG)
2236,Cargo,312487000,2020,12,Bosphorus (TR)
2237,Cargo,667001412,2020,12,Bosphorus (TR)
2238,Tanker,538004118,2020,12,Bosphorus (TR)
2239,Cargo,271000220,2020,12,Bosphorus (TR)
2240,Cargo,314520000,2020,12,Bosphorus (TR)
2241,Cargo,371831000,2020,12,Bosphorus (TR)
2242,Cargo,677075500,2020,12,Bosphorus (TR)
2243,Cargo,636015859,2020,12,Suez (EG)
2244,Cargo,271047118,2020,12,Bosphorus (TR)
2245,Cargo,538008748,2020,12,Bosphorus (TR)
2246,Tanker,273390850,2020,12,Bosphorus (TR)
2247,Cargo,518558000,2020,12,Bosphorus (TR)
2248,Cargo,372212000,2020,12,Bosphorus (TR)
2249,Cargo,636015530,2020,12,Bosphorus (TR)
2250,Cargo,538007606,2020,12,Suez (EG)
2251,Tanker,538002922,2020,12,Suez (EG)
2252,Tanker,240575000,2020,12,Bosphorus (TR)
2253,Tanker,538008328,2020,12,Bosphorus (TR)
2254,Tanker,636012728,2020,12,Suez (EG)
2255,Cargo,538008489,2020,12,Bosphorus (TR)
2256,Cargo,273347800,2020,12,Bosphorus (TR)
2257,Cargo,538007004,2020,12,Suez (EG)
2258,Tanker,477231600,2020,12,Suez (EG)
2259,Tanker,538005215,2020,12,Suez (EG)
2260,Cargo,271002224,2020,12,Bosphorus (TR)
2261,Cargo,511100211,2020,12,Bosphorus (TR)
2262,Cargo,518898000,2020,12,Bosphorus (TR)
2263,Tanker,355087000,2020,12,Bosphorus (TR)
2264,Cargo,423056100,2020,12,Bosphorus (TR)
2265,Cargo,272076000,2020,12,Bosphorus (TR)
2266,Cargo,511625000,2020,12,Bosphorus (TR)
2267,Cargo,372426000,2020,12,Bosphorus (TR)
2268,Cargo,273219340,2020,12,Bosphorus (TR)
2269,Cargo,248296000,2020,12,Bosphorus (TR)
2270,Tanker,636015074,2020,12,Suez (EG)
2271,Cargo,667001719,2020,12,Bosphorus (TR)
2272,Tanker,215705000,2020,12,Bosphorus (TR)
2273,Cargo,432803000,2020,12,Suez (EG)
2274,Tanker,229357000,2020,12,Bosphorus (TR)
2275,Tanker,311000576,2020,12,Bosphorus (TR)
2276,Tanker,229046000,2020,12,Suez (EG)
2277,Cargo,563008700,2020,12,Bosphorus (TR)
2278,Cargo,538002012,2020,12,Bosphorus (TR)
2279,Cargo,312620000,2020,12,Bosphorus (TR)
2280,Cargo,636017882,2020,12,Suez (EG)
2281,Cargo,273433060,2020,12,Bosphorus (TR)
2282,Cargo,255805869,2020,12,Suez (EG)
2283,Cargo,538006303,2020,12,Suez (EG)
2284,Cargo,354534000,2020,12,Suez (EG)
2285,Cargo,370587000,2020,12,Suez (EG)
2286,Tanker,538007915,2020,12,Bosphorus (TR)
2287,Cargo,372105000,2020,12,Bosphorus (TR)
2288,Cargo,373183000,2020,12,Suez (EG)
2289,Cargo,622120442,2020,12,Bosphorus (TR)
2290,Cargo,374712000,2020,12,Bosphorus (TR)
2291,Cargo,249807000,2020,12,Suez (EG)
2292,Cargo,636013076,2020,12,Bosphorus (TR)
2293,Tanker,636017110,2020,12,Suez (EG)
2294,Cargo,477030700,2020,12,Suez (EG)
2295,Cargo,249111000,2020,12,Suez (EG)
2296,Cargo,220503000,2020,12,Suez (EG)
2297,Tanker,511100390,2020,12,Suez (EG)
2298,Cargo,273339410,2020,12,Bosphorus (TR)
2299,Cargo,308921000,2020,12,Suez (EG)
2300,Cargo,518100373,2020,12,Bosphorus (TR)
2301,Cargo,352952000,2020,12,Suez (EG)
2302,Tanker,636019201,2020,12,Suez (EG)
2303,Cargo,357321000,2020,12,Suez (EG)
2304,Cargo,314506000,2020,12,Bosphorus (TR)
2305,Cargo,248300000,2020,12,Bosphorus (TR)
2306,Cargo,671274100,2020,12,Bosphorus (TR)
2307,Cargo,538008504,2020,12,Bosphorus (TR)
2308,Cargo,620081000,2020,12,Bosphorus (TR)
2309,Cargo,636018843,2020,12,Bosphorus (TR)
2310,Cargo,355758000,2020,12,Bosphorus (TR)
2311,Cargo,273330220,2020,12,Bosphorus (TR)
2312,Tanker,229336000,2020,12,Suez (EG)
2313,Cargo,511968000,2020,12,Bosphorus (TR)
2314,Tanker,257330000,2020,12,Bosphorus (TR)
2315,Cargo,563088300,2020,12,Bosphorus (TR)
2316,Cargo,272293000,2020,12,Bosphorus (TR)
2317,Tanker,238019000,2020,12,Bosphorus (TR)
2318,Cargo,636015548,2020,12,Bosphorus (TR)
2319,Cargo,440058000,2020,12,Suez (EG)
2320,Cargo,304903000,2020,12,Bosphorus (TR)
2321,Cargo,372946000,2020,12,Bosphorus (TR)
2322,Cargo,616606000,2020,12,Bosphorus (TR)
2323,Tanker,423002100,2020,12,Bosphorus (TR)
2324,Cargo,372176000,2020,12,Bosphorus (TR)
2325,Cargo,477293200,2020,12,Suez (EG)
2326,Tanker,229561000,2020,12,Bosphorus (TR)
2327,Cargo,372094000,2020,12,Bosphorus (TR)
2328,Cargo,518100487,2020,12,Bosphorus (TR)
2329,Tanker,636017997,2020,12,Bosphorus (TR)
2330,Tanker,354198000,2020,12,Bosphorus (TR)
2331,Tanker,311000820,2020,12,Bosphorus (TR)
2332,Cargo,518915000,2020,12,Bosphorus (TR)
2333,Cargo,636019221,2020,12,Bosphorus (TR)
2334,Tanker,319086900,2020,12,Suez (EG)
2335,Cargo,477222700,2020,12,Suez (EG)
2336,Cargo,311000125,2020,12,Suez (EG)
2337,Cargo,271043905,2020,12,Bosphorus (TR)
2338,Cargo,273450880,2020,12,Bosphorus (TR)
2339,Cargo,636018145,2020,12,Suez (EG)
2340,Tanker,538005473,2020,12,Suez (EG)
2341,Tanker,538008416,2020,12,Suez (EG)
2342,Cargo,477183100,2020,12,Suez (EG)
2343,Tanker,311468000,2020,12,Suez (EG)
2344,Cargo,636018870,2020,12,Suez (EG)
2345,Cargo,370240000,2020,12,Suez (EG)
